user_id,image_index,time,guess,guess_2,answer
2,1,42991,20,60,51
2,2,8415,60,80,118
2,3,4827,60,90,101
0,1,15355,10,30,51
2,4,6308,90,140,180
0,2,8273,60,100,118
20,1,67533,35,55,51
2,5,9738,15,40,31
0,3,9973,100,180,187
2,6,6815,70,140,187
0,4,4674,1,10,83
12,1,40759,35,40,51
32,1,78983,50,65,51
0,5,6428,30,35,43
2,7,9766,30,80,83
0,6,5362,100,101,180
14,1,56365,50,55,51
20,2,20231,50,65,118
12,2,8392,75,80,118
2,8,9206,50,120,162
34,1,84515,45,55,51
0,7,5822,150,151,162
2,9,7852,20,40,43
0,8,6305,150,151,98
14,2,9636,70,90,118
2,10,6678,30,80,98
12,3,13668,200,220,187
0,9,6056,200,250,149
32,2,31089,120,140,118
20,3,16232,100,130,101
2,11,9262,70,150,149
0,10,6740,100,200,218
34,2,22107,86,108,118
2,12,7130,80,160,218
41,1,71914,48,53,51
14,3,11567,170,210,180
0,11,5962,1,100,101
20,4,11540,110,135,149
12,4,23118,150,160,149
114,1,131516,51,53,51
0,12,5039,1,50,31
14,4,14296,30,33,31
32,3,32102,195,210,162
20,5,22987,100,140,187
12,5,30650,160,170,162
34,3,19187,29,33,31
1,13,22336,20,30,54
14,5,22237,180,210,218
9,1,40578,30,50,51
12,6,5994,20,22,31
32,4,23068,30,33,31
1,14,4370,45,60,110
20,6,27030,30,32,31
41,2,57754,100,120,118
14,6,9553,190,210,149
1,15,7286,95,125,113
12,7,9909,25,27,43
9,2,5413,40,65,118
1,16,4868,95,105,122
9,3,5719,75,100,180
8,1,7236,20,30,51
34,4,27671,135,168,162
12,8,13169,85,90,83
6,13,33111,20,40,54
32,5,30148,185,205,218
8,2,5790,70,90,118
1,17,10078,165,180,176
9,4,8818,50,75,83
14,7,31665,70,80,83
1,18,9164,45,55,94
8,3,7521,100,120,180
6,14,7764,20,200,110
9,5,9691,150,175,162
3,13,12459,45,55,54
62,1,88783,50,70,51
114,2,97730,98,102,118
12,9,10771,230,240,218
1,19,4740,65,95,73
26,1,70041,30,60,51
8,4,4618,20,40,101
3,14,4823,55,80,110
4,13,44469,22,37,54
9,6,6099,75,100,98
6,15,9757,80,150,94
32,6,27254,160,185,149
1,20,4749,65,75,90
34,5,27246,150,195,218
3,15,5367,120,130,94
33,1,78725,50,60,51
8,5,7232,80,110,149
12,10,6706,195,200,180
20,7,67514,140,185,162
14,8,23994,49,57,43
9,7,6398,25,40,43
1,21,4274,65,85,50
7,13,45379,35,50,54
3,16,4359,120,145,122
6,16,6261,80,150,171
8,6,4609,10,20,31
4,14,14515,125,145,110
9,8,6140,24,40,31
3,17,4254,150,180,171
12,11,8472,85,90,98
8,7,4415,30,40,43
1,22,7128,150,170,143
14,9,6984,90,120,98
5,13,18949,20,60,54
26,2,11851,80,100,118
6,17,7568,30,60,73
40,1,109193,48,50,51
8,8,4024,90,120,187
1,23,4945,150,160,171
7,14,7453,75,85,110
4,15,9118,88,110,94
3,18,5655,120,140,113
9,9,9917,85,100,149
32,7,22754,150,170,187
5,14,5750,75,95,110
14,10,13698,130,180,162
1,24,4780,150,175,211
12,12,13167,100,105,101
10,13,45642,50,55,54
3,19,5061,60,70,73
6,18,12074,10,200,50
4,16,6548,165,185,211
8,9,6785,140,190,162
9,10,7532,100,135,187
34,6,26918,200,270,187
5,15,5099,50,125,122
20,8,36290,41,43,43
62,2,19910,75,90,118
3,20,4543,90,110,143
41,3,95688,165,191,187
222,1,86711,45,90,51
14,11,5872,180,220,187
4,17,5344,135,155,143
26,3,9444,80,100,218
8,10,5204,200,240,218
9,11,5950,150,175,218
5,16,5499,25,55,50
3,21,4672,140,155,176
6,19,9043,50,200,113
10,14,7793,60,65,110
48,1,121214,50,60,51
8,11,4611,30,50,83
7,15,11407,215,225,171
9,12,6072,50,200,101
4,18,8515,85,99,90
5,17,4489,100,200,211
11,13,66228,40,60,54
3,22,7186,70,90,90
32,8,28807,40,43,43
8,12,4604,20,50,98
6,20,5629,50,200,90
14,12,16135,80,120,101
5,18,5368,40,100,94
4,19,6342,45,65,50
15,1,54188,25,35,51
10,15,12040,300,320,211
20,9,17231,170,210,218
26,4,12596,100,120,83
7,16,13426,45,55,73
3,23,5471,30,50,50
5,19,6096,75,125,143
6,21,6786,100,250,211
43,1,241859,46,54,51
4,20,8628,155,175,171
11,14,8133,75,85,110
3,24,5647,225,250,211
7,17,8757,185,195,211
5,20,7422,40,80,90
10,16,9459,130,140,113
15,2,8437,45,55,118
4,21,9064,145,160,122
32,9,23757,78,94,98
62,3,24574,120,135,180
6,22,5160,200,300,176
5,21,4714,76,140,171
34,7,42908,185,240,180
11,15,9208,160,170,171
207,13,23300,50,70,54
4,22,7309,130,149,176
20,10,26437,85,135,180
10,17,9281,195,210,171
41,4,47831,95,110,101
114,3,112416,176,184,187
72,1,82741,50,60,51
5,22,5697,35,60,73
23,13,34655,36,45,54
7,18,13839,130,140,94
15,3,10315,75,110,98
26,5,22851,30,40,31
6,23,8034,100,159,122
4,23,6063,66,89,73
33,2,77441,115,135,118
48,2,26149,120,130,118
7,19,5527,35,45,50
10,18,7969,45,50,50
5,23,5328,100,200,176
11,16,14765,50,60,73
43,2,19109,72,80,118
4,24,6204,110,126,113
6,24,7823,100,200,143
15,4,8965,30,40,43
5,24,4306,50,77,113
207,14,7636,100,140,110
32,10,27655,94,105,101
7,20,6389,210,220,176
62,4,19157,60,70,83
26,6,11121,200,250,162
11,17,10475,80,95,90
10,19,9105,135,160,143
15,5,7303,55,75,83
7,21,5095,210,220,113
40,2,93970,150,155,118
16,13,72978,20,35,54
34,8,28378,90,124,101
15,6,7797,150,200,218
11,18,11418,200,220,211
207,15,10716,130,150,94
10,20,8146,95,140,122
7,22,7366,85,95,90
26,7,13572,180,200,149
32,11,22293,85,95,83
20,11,46983,80,105,98
16,14,13673,58,68,110
7,23,6439,125,135,143
15,7,11768,250,300,149
43,3,32811,168,180,218
46,1,91428,36,54,51
13,13,31608,15,25,54
19,13,69575,30,50,54
48,3,26771,110,115,101
62,5,21769,100,130,149
207,16,13208,40,60,50
10,21,13356,90,145,94
101,1,127477,52,54,51
7,24,5352,100,110,122
33,3,49807,100,115,101
223,1,61450,20,30,51
11,19,18802,130,150,113
15,8,8389,100,125,162
41,5,63469,145,160,162
23,14,32349,83,110,110
34,9,25967,44,51,43
16,15,10701,120,125,171
26,8,10963,30,70,43
20,12,11598,75,100,83
15,9,4649,150,180,180
207,17,8989,140,160,171
10,22,8533,190,245,176
80,1,67649,30,40,51
62,6,7961,110,140,162
11,20,8842,40,50,50
13,14,6443,50,80,110
19,14,9765,70,90,110
32,12,27145,137,147,180
15,10,4522,20,25,31
45,1,44333,45,48,51
27,1,95876,80,110,51
10,23,8857,35,55,73
223,2,6955,70,80,118
207,18,9541,150,180,176
13,15,5794,100,150,176
11,21,9087,210,220,176
16,16,11600,78,83,122
43,4,31368,87,95,101
17,13,40487,20,40,54
19,15,7610,90,120,94
26,9,10441,80,120,98
15,11,9317,100,120,101
13,16,4737,15,25,50
41,6,21470,40,48,43
62,7,13755,180,200,218
10,24,7670,70,90,90
209,13,95160,35,50,54
46,2,28015,56,84,118
15,12,6503,200,250,187
207,19,9050,100,130,143
11,22,9095,150,160,122
16,17,12555,47,53,73
48,4,43063,160,180,187
17,14,7030,120,140,110
13,17,6268,200,275,211
21,13,40926,40,75,54
34,10,34859,185,235,149
19,16,7937,110,120,171
26,10,12448,180,240,187
27,2,15936,150,180,118
80,2,13431,55,60,118
23,15,21058,50,63,73
207,20,11735,50,70,73
16,18,8662,80,85,113
114,4,109795,198,205,218
43,5,23116,68,74,83
13,18,5672,50,60,94
41,7,21930,30,32,31
11,23,18885,180,200,143
29,13,75047,40,50,54
19,17,9550,110,120,90
13,19,4410,200,250,171
39,1,59360,20,35,51
17,15,11722,100,101,113
62,8,21860,60,80,98
207,21,7701,160,180,211
16,19,10355,97,107,143
209,14,5725,85,112,110
27,3,13112,80,100,101
13,20,4750,150,200,113
26,11,9469,80,120,101
21,14,11890,85,98,110
46,3,19303,64,96,101
16,20,7297,48,52,90
11,24,15701,90,100,94
13,21,4345,25,40,90
101,2,55523,135,145,118
40,3,108190,120,130,149
29,14,10722,70,90,110
80,3,12202,90,100,98
45,2,15544,67,79,118
17,16,12056,121,122,176
27,4,7589,80,100,149
43,6,24302,210,220,180
39,2,6689,55,65,118
13,22,5961,75,100,143
207,22,18190,95,120,113
41,8,27229,175,225,180
16,21,8735,118,119,211
26,12,10336,190,230,180
33,4,91895,140,170,162
34,11,34556,75,110,83
27,5,5727,100,110,162
48,5,31136,160,165,180
213,1,72741,25,35,51
23,16,40231,175,180,176
13,23,5124,100,150,122
39,3,5448,20,50,31
16,22,7282,107,117,176
17,17,13377,150,151,143
22,13,75071,52,54,54
13,24,4576,50,65,73
207,23,11172,85,110,90
46,4,21313,68,100,83
21,15,31820,110,130,113
213,2,6176,50,60,118
80,4,15497,120,130,218
16,23,7543,78,83,94
45,3,21596,34,36,43
24,13,80780,35,45,54
47,1,78099,40,60,51
17,18,5975,31,32,73
18,13,24054,50,90,54
62,9,45874,30,32,31
57,1,52886,50,60,51
39,4,6029,40,70,83
33,5,24307,30,35,31
29,15,12228,180,220,211
207,24,8420,80,110,122
16,24,9014,20,30,50
41,9,34350,160,190,218
27,6,13383,25,35,31
43,7,40237,187,195,149
22,14,12973,64,111,110
39,5,9060,80,159,149
213,3,7833,200,210,218
21,16,10810,130,135,143
17,19,11900,101,102,122
23,17,24007,70,81,90
18,14,7659,110,140,110
40,4,48279,140,150,180
45,4,12004,63,68,98
24,14,9193,70,100,110
25,13,56441,45,50,54
34,12,38315,90,120,98
18,15,4409,110,130,143
114,5,83445,111,118,101
39,6,6108,40,80,101
29,16,10277,150,170,122
46,5,25918,160,240,218
27,7,9521,75,80,83
17,20,7813,130,131,94
80,5,25778,26,32,31
48,6,35997,145,150,149
101,3,59130,110,115,101
22,15,9858,98,118,171
21,17,10826,85,100,122
18,16,5104,120,150,176
45,5,10332,112,125,180
213,4,14595,100,110,149
43,8,20924,190,198,162
27,8,7816,50,60,43
40,5,13141,150,189,187
25,14,6957,105,110,110
18,17,6014,80,105,90
39,7,8968,70,200,180
57,2,17264,100,120,118
21,18,8181,170,200,171
29,17,11359,60,80,94
213,5,7854,50,60,83
80,6,14323,130,140,149
41,10,31070,82,84,83
23,18,25609,230,235,211
18,18,7497,90,105,73
17,21,7830,210,211,211
40,6,9298,150,200,218
39,8,5764,100,300,98
213,6,5766,20,30,31
19,18,7178,120,140,122
45,6,12087,66,87,83
27,9,13560,100,110,98
46,6,23134,120,180,180
21,19,10259,130,145,176
18,19,6527,80,100,94
95,1,136692,20,60,51
27,10,4984,150,160,180
213,7,6599,275,285,180
23,19,12194,123,133,94
18,20,4841,150,180,211
19,19,8214,170,190,211
48,7,27760,75,78,83
101,4,32422,120,125,218
39,9,5377,140,400,218
57,3,20419,200,225,187
24,15,23291,100,130,171
21,20,9605,175,190,211
47,2,32666,70,80,118
29,18,24247,50,60,50
17,22,9750,180,181,171
22,16,40295,50,51,50
40,7,12105,100,200,162
18,21,5747,100,130,113
19,20,5424,130,140,113
213,8,5458,100,120,101
41,11,25204,94,106,98
33,6,74163,140,180,180
27,11,10976,160,170,187
25,15,32629,72,73,73
39,10,5653,100,200,162
43,9,34378,132,142,98
109,13,20616,40,70,54
18,22,5250,100,120,171
17,23,7215,48,49,90
46,7,18285,46,79,43
23,20,13565,145,153,122
224,1,117632,50,55,51
19,21,8814,40,60,50
39,11,4345,20,50,43
24,16,13549,50,70,90
22,17,9746,89,109,94
80,7,38898,65,78,83
209,15,10436,110,150,122
33,7,11507,125,165,187
21,21,16022,60,90,90
27,12,13769,150,170,218
17,24,10310,41,42,50
39,12,5509,110,400,187
57,4,19859,90,100,83
213,9,13344,220,230,187
47,3,16929,150,160,180
30,13,52906,89,99,54
62,10,96442,70,85,101
19,22,12062,110,140,176
18,23,18372,45,55,50
33,8,6957,140,200,218
220,1,17135,30,40,51
95,2,16789,40,66,118
48,8,29392,105,110,98
22,18,9283,98,118,113
24,17,15756,80,108,113
45,7,33103,134,173,162
41,12,26975,125,150,149
40,8,20674,80,120,98
25,16,27969,49,50,50
21,22,7880,60,70,73
31,13,47483,45,48,54
19,23,6512,70,90,73
23,21,18853,163,178,143
109,14,16898,150,170,110
46,8,25109,208,312,187
18,24,9615,90,120,122
209,16,11326,95,110,90
80,8,13906,170,180,180
220,2,4804,30,40,118
19,24,5624,120,140,143
24,18,9268,125,160,211
212,13,56437,40,43,54
43,10,20523,38,45,43
101,5,48044,125,135,149
114,6,96988,105,115,162
57,5,19288,31,35,31
22,19,17056,138,158,211
25,17,14016,175,200,211
31,14,9998,87,90,110
213,10,6145,230,240,162
30,14,11907,99,108,110
220,3,9523,150,200,187
24,19,12079,85,98,94
47,4,24463,120,130,162
21,23,18012,50,60,50
25,18,6454,85,100,94
40,9,22226,30,33,31
22,20,8955,42,62,90
29,19,46700,70,75,73
46,9,25977,204,306,162
23,22,29142,155,163,113
33,9,39505,80,90,83
45,8,24085,179,186,149
209,17,19297,155,185,171
101,6,18250,130,140,180
24,20,7557,100,125,176
43,11,21466,30,32,31
212,14,13892,200,230,110
22,21,7642,63,78,122
213,11,19716,180,190,98
31,15,20741,185,187,211
109,15,14826,160,200,171
62,11,48569,140,170,187
57,6,20205,50,60,43
30,15,13576,125,139,113
21,24,13876,90,100,94
24,21,7860,50,60,73
47,5,16204,50,70,83
209,18,8440,120,145,113
95,3,35995,60,200,180
43,12,11206,196,201,187
114,7,37293,43,44,43
213,12,5385,25,30,43
61,1,70547,10,20,51
22,22,8683,98,136,176
29,20,21338,75,90,113
84,1,51849,60,70,51
109,16,9511,160,190,211
45,9,15977,23,36,31
23,23,22237,200,206,171
48,9,39438,150,160,162
24,22,13157,78,108,143
46,10,26794,200,300,149
25,19,35178,80,90,90
42,13,82982,53,58,54
31,16,20813,135,142,143
47,6,11757,40,60,43
212,15,11685,40,43,50
22,23,9792,29,38,73
57,7,17925,225,250,149
209,19,15850,165,185,176
80,9,58481,45,50,43
37,1,94640,1,2,51
30,16,11508,200,210,211
109,17,7928,90,120,113
101,7,31101,48,54,43
28,13,45169,25,40,54
47,7,6876,190,210,218
24,23,12574,50,66,50
25,20,11883,115,125,143
23,24,17007,40,50,50
33,10,45929,43,44,43
76,1,58657,50,70,51
29,21,20157,95,115,143
22,24,13052,101,112,143
109,18,7987,50,80,90
45,10,22348,77,89,101
31,17,17599,115,120,113
65,1,64303,122,140,51
84,2,20203,140,150,118
95,4,10308,100,120,162
33,11,7662,70,100,98
209,20,16739,115,135,143
30,17,11282,67,78,73
46,11,25502,66,104,98
25,21,10373,90,100,113
28,14,11308,50,75,110
112,1,219653,50,51,51
57,8,19882,200,210,162
101,8,17143,130,140,162
24,24,13032,100,122,122
48,10,30707,42,44,43
182,1,82858,50,55,51
62,12,48019,42,45,43
138,1,68739,50,60,51
109,19,7922,120,150,176
33,12,7444,110,160,149
61,2,16726,5,100,118
35,1,70536,30,50,51
47,8,15234,110,130,149
37,2,7494,5,8,118
29,22,13385,120,140,176
25,22,9107,135,150,176
224,2,91587,110,111,118
28,15,9336,100,125,211
45,11,14440,178,187,218
42,14,29744,80,90,110
40,10,79473,42,48,43
209,21,13541,55,70,73
37,3,4773,1,10,149
84,3,15007,65,70,187
53,1,76707,45,50,51
25,23,5952,135,150,171
35,2,6852,30,75,118
46,12,19130,29,33,31
109,20,12867,105,150,94
31,18,27817,90,93,94
30,18,15156,240,251,176
37,4,4277,1,2,218
220,4,17554,120,170,218
65,2,12055,100,125,118
47,9,12753,140,160,187
29,23,11310,130,150,171
57,9,24245,100,125,98
28,16,11322,45,65,94
45,12,12380,165,187,187
25,24,5941,110,125,122
206,13,142680,50,60,54
35,3,7500,30,100,43
69,1,79912,50,65,51
209,22,13915,80,90,94
109,21,10850,120,150,122
48,11,31125,190,200,218
40,11,17914,50,60,83
28,17,9397,40,60,90
42,15,22324,100,120,143
76,2,24797,70,90,118
35,4,6075,40,115,83
36,13,32579,25,43,54
30,19,10785,120,130,90
212,16,12895,30,50,73
80,10,21358,180,190,187
95,5,29849,80,100,98
37,5,11251,3,15,31
61,3,16728,200,220,218
47,10,12105,90,110,101
84,4,19867,174,184,101
209,23,7441,50,55,50
35,5,8154,50,100,98
212,17,8779,60,80,122
65,3,12044,125,135,149
28,18,12913,100,125,171
37,6,6099,50,55,83
138,2,25315,190,220,118
57,10,23179,125,130,101
109,22,15365,110,135,143
31,19,32908,92,94,90
30,20,12124,45,56,50
36,14,6808,65,95,110
72,2,391170,75,90,118
40,12,18550,70,80,101
35,6,5595,50,130,162
28,19,5311,150,160,176
37,7,5918,200,205,187
42,16,20659,170,185,211
209,24,10951,135,145,211
47,11,14864,90,110,98
35,7,5708,50,130,180
31,20,9766,185,188,171
61,4,11058,80,90,83
84,5,16121,210,230,180
36,15,8722,117,145,143
80,11,25340,120,130,162
101,9,68028,86,90,83
48,12,29449,31,33,31
109,23,13387,65,95,73
38,13,68568,35,40,54
37,8,5841,250,255,101
30,21,9589,90,100,94
95,6,20605,30,40,31
112,2,64272,120,140,118
65,4,11982,140,155,218
35,8,5006,50,130,187
206,14,38876,80,103,110
49,1,38451,50,75,51
182,2,65590,114,118,118
69,2,16715,75,85,118
138,3,11583,175,200,98
37,9,5084,200,205,98
28,20,20379,80,100,122
35,9,5533,30,50,31
109,24,8709,50,75,50
36,16,8600,115,145,122
61,5,12925,100,120,98
47,12,17586,30,32,31
31,21,18527,187,199,176
42,17,20488,110,120,176
30,22,9400,170,180,122
37,10,4629,500,505,162
29,24,61728,90,100,90
84,6,13635,65,78,98
35,10,4218,50,100,218
65,5,12162,140,160,187
28,21,6627,35,55,73
220,5,17888,200,270,162
78,1,141345,77,97,51
73,13,90974,60,64,54
53,2,68921,120,125,118
95,7,13155,180,200,218
57,11,40888,250,275,180
114,8,146541,159,168,149
49,2,9778,100,109,118
35,11,5798,50,100,149
138,4,6932,150,170,218
37,11,7719,5,6,43
28,22,4737,35,75,113
38,14,12674,64,69,110
101,10,25114,31,33,31
31,22,13476,134,142,122
30,23,10489,220,230,171
35,12,4950,50,70,101
28,23,5187,25,40,50
37,12,4936,300,304,180
72,3,46229,170,190,162
28,24,4523,75,250,143
80,12,32976,90,100,101
38,15,9937,83,90,143
69,3,20027,165,180,218
150,1,42602,70,110,51
36,17,24608,47,48,50
61,6,24487,30,31,31
49,3,10274,125,136,98
76,3,60078,95,105,98
84,7,19707,130,140,149
65,6,18693,125,130,101
42,18,25435,76,85,90
73,14,14390,110,120,110
30,24,9691,175,185,143
31,23,15669,50,51,50
138,5,14307,140,180,149
68,1,97348,30,75,51
36,18,6920,75,97,113
114,9,26505,31,32,31
49,4,10035,84,92,43
57,12,28132,300,350,218
38,16,13538,20,159,171
65,7,12106,140,150,180
78,2,14296,220,340,118
206,15,50302,138,152,171
36,19,7912,65,89,73
49,5,8205,91,100,83
69,4,16000,200,215,149
31,24,23206,68,72,73
84,8,18168,30,33,31
61,7,25004,40,48,43
138,6,20668,30,32,31
220,6,23692,50,200,101
42,19,32002,48,50,50
65,8,14517,120,140,98
224,3,85202,121,130,149
72,4,37695,220,260,218
182,3,74295,80,86,83
38,17,15399,30,40,113
36,20,8186,73,100,90
49,6,8350,130,140,162
112,3,70372,200,225,180
77,13,69544,45,50,54
150,2,24198,50,90,118
61,8,11270,90,100,101
36,21,7678,135,160,211
76,4,47646,87,97,83
101,11,63405,97,100,98
220,7,8905,200,250,98
52,13,91583,40,60,54
49,7,8331,131,151,101
65,9,15327,31,32,31
95,8,67567,40,43,43
73,15,48486,118,128,176
66,1,44568,58,60,51
69,5,23561,150,165,162
93,1,174609,52,56,51
162,1,93589,60,80,51
44,13,38171,30,40,54
68,2,33373,67,68,118
36,22,11488,80,110,94
42,20,25467,90,110,122
78,3,28703,68,98,43
84,9,24681,135,140,218
105,1,75441,48,53,51
38,18,27241,73,94,211
49,8,11581,131,151,180
61,9,18529,150,160,180
206,16,47680,178,212,211
72,5,32526,100,125,149
38,19,8294,22,45,122
65,10,18057,45,50,43
36,23,9681,140,170,171
76,5,23003,130,150,218
95,9,14318,200,202,149
68,3,9546,164,168,180
114,10,69662,88,98,98
44,14,8466,120,140,110
96,1,73366,49,53,51
172,1,96831,45,50,51
101,12,30272,155,168,187
42,21,20741,85,99,113
69,6,20586,110,120,101
38,20,10240,33,47,94
26,13,62505,17,21,54
220,8,39958,30,70,43
68,4,8891,140,145,218
36,24,9630,135,180,176
73,16,25038,48,52,50
138,7,55516,90,100,83
61,10,18063,90,110,149
93,2,15480,75,85,118
84,10,29341,76,82,83
49,9,24157,30,32,31
44,15,10123,180,195,176
78,4,26503,97,120,149
65,11,18642,90,110,83
38,21,10486,30,100,50
95,10,13692,70,75,83
77,14,51581,95,105,110
72,6,29509,180,210,187
150,3,43447,120,150,187
68,5,7017,120,125,162
220,9,10242,70,170,83
52,14,30765,110,120,110
69,7,14115,30,35,31
96,2,19869,160,180,118
44,16,8123,100,120,122
38,22,5922,40,50,90
61,11,14687,140,150,187
49,10,9993,125,136,187
60,1,57036,70,80,51
112,4,68765,40,45,43
66,2,19339,61,68,118
26,14,19126,40,41,110
53,3,145013,155,160,149
65,12,11012,140,160,162
68,6,9656,140,141,101
38,23,8953,44,64,73
42,22,35142,63,73,73
95,11,16871,90,95,101
138,8,27112,130,160,162
206,17,50653,90,112,113
44,17,8730,140,160,171
162,2,41854,90,120,118
49,11,7955,120,180,149
93,3,16159,180,200,162
76,6,51485,140,160,187
68,7,4889,94,95,98
38,24,7968,83,89,176
61,12,14550,100,105,162
182,4,100537,144,150,149
84,11,27371,40,45,43
72,7,23851,90,110,83
69,8,19095,100,115,98
49,12,6263,140,190,218
60,2,9176,120,150,118
44,18,12561,90,105,94
105,2,67519,100,116,118
52,15,17084,140,160,171
68,8,7620,160,161,187
76,7,9586,160,190,180
95,12,12721,110,115,187
66,3,21432,115,125,149
42,23,23528,80,100,171
78,5,37682,30,34,31
26,15,16000,39,41,113
96,3,38269,78,82,83
54,13,72906,70,85,54
138,9,25809,42,44,43
76,8,11381,120,150,149
44,19,12467,180,200,143
150,4,35631,40,60,43
66,4,8498,130,150,187
105,3,9823,120,130,218
69,9,21933,160,175,180
93,4,28761,40,45,43
60,3,7631,80,100,98
77,15,49041,72,82,90
68,9,19956,45,47,43
72,8,26718,110,130,101
53,4,50704,105,110,101
225,1,12895,40,60,51
84,12,28463,135,145,162
52,16,18005,80,100,94
51,13,38292,45,50,54
206,18,42504,48,52,50
76,9,17024,140,170,162
66,5,14435,62,82,101
42,24,30558,60,75,94
60,4,6854,30,40,43
44,20,17112,95,110,73
71,13,62373,70,85,54
54,14,10227,100,131,110
172,2,87611,120,140,118
26,16,35859,39,50,176
93,5,24358,200,220,180
52,17,17084,45,60,50
214,13,51984,48,50,54
53,5,19071,150,155,162
69,10,27593,225,240,187
78,6,35070,137,197,162
51,14,9776,130,132,110
66,6,11738,98,125,162
112,5,79575,95,105,101
44,21,12083,35,50,50
73,17,108107,166,186,171
68,10,30923,31,33,31
54,15,7500,100,135,113
224,4,159605,140,155,218
96,4,49074,147,157,149
60,5,13528,140,160,149
178,1,107946,45,51,51
76,10,25539,30,32,31
66,7,7080,55,88,83
72,9,32763,80,100,98
105,4,44787,99,100,98
93,6,17670,180,200,187
68,11,8212,164,165,83
51,15,9104,40,42,73
44,22,12252,75,90,90
26,17,15754,47,49,171
69,11,15677,80,90,83
53,6,19712,30,35,31
99,1,100573,10,20,51
54,16,12684,80,110,90
76,11,13404,120,150,101
206,19,45275,130,145,176
162,3,67343,138,148,149
71,14,34394,80,100,110
51,16,7566,160,170,211
52,18,28900,125,140,122
68,12,9449,118,119,149
214,14,16265,125,130,110
66,8,17619,31,33,31
53,7,9320,120,125,218
81,1,174489,18,92,51
44,23,12115,115,130,113
74,1,42835,50,100,51
138,10,77652,140,170,187
150,5,64362,90,110,83
26,18,14127,48,49,122
72,10,23382,40,50,43
51,17,5254,100,101,143
78,7,35355,90,130,101
93,7,22094,200,210,218
69,12,18013,42,47,43
53,8,6847,170,175,187
54,17,8602,140,180,176
182,5,112438,185,200,187
60,6,24575,31,32,31
51,18,6136,120,121,113
138,11,8859,120,180,180
52,19,13804,160,180,143
44,24,11373,180,210,211
73,18,40296,77,87,73
66,9,13416,135,150,180
64,13,102093,80,90,54
53,9,7775,200,205,180
217,13,41524,22,34,54
26,19,9865,17,20,50
55,1,42240,25,35,51
77,16,87584,170,180,211
76,12,31269,40,50,43
51,19,7495,170,171,171
66,10,6718,100,110,98
112,6,60724,125,135,149
50,13,51865,30,60,54
226,1,40632,36,46,51
60,7,5047,60,80,83
72,11,20959,29,35,31
53,10,7744,100,105,83
78,8,21287,140,210,218
55,2,7424,60,80,118
93,8,19624,180,190,149
52,20,15981,130,140,113
60,8,5095,150,170,218
50,14,4292,90,150,110
54,18,18116,45,50,50
53,11,6640,90,95,43
26,20,12403,38,42,94
74,2,12920,100,110,118
64,14,17398,110,120,110
86,1,65652,50,55,51
217,14,11663,122,150,110
71,15,38963,90,110,90
66,11,10534,40,50,43
106,13,92151,45,55,54
105,5,62475,99,100,101
55,3,8842,80,100,187
51,20,9391,95,100,94
96,5,70222,169,179,162
60,9,5854,120,140,162
150,6,31166,105,120,101
50,15,6954,80,100,143
63,13,25242,40,60,54
178,2,60721,100,130,118
75,1,77692,40,55,51
114,11,179278,95,110,180
206,20,56143,70,75,73
53,12,10327,95,100,98
56,13,39488,58,62,54
55,4,5895,100,140,162
52,21,14892,65,80,73
217,15,11279,69,89,90
54,19,13010,70,90,73
50,16,4269,90,100,176
60,10,6670,150,170,180
55,5,5169,120,160,218
81,2,16791,40,75,118
217,16,7313,112,144,176
72,12,34640,190,210,180
66,12,17147,160,170,218
50,17,5205,100,200,211
74,3,18440,95,105,101
55,6,6848,20,30,31
162,4,55481,100,105,101
86,2,8926,100,125,118
52,22,14549,190,220,211
56,14,7990,89,95,110
64,15,22148,150,170,171
26,21,18417,36,37,90
112,7,38309,70,80,83
58,13,41787,20,40,54
70,1,20695,20,50,51
217,17,4785,122,145,171
50,18,5474,30,50,90
63,14,14970,145,155,110
60,11,10983,40,60,101
77,17,57339,101,106,113
54,20,14843,160,180,171
73,19,57362,98,108,94
55,7,5603,60,80,101
217,18,4858,22,44,50
50,19,4997,20,60,73
138,12,60960,100,115,101
182,6,74961,42,44,43
93,9,46370,30,31,31
105,6,38116,43,45,43
75,2,24754,60,75,118
56,15,12324,140,147,143
51,21,38247,70,75,90
94,1,90299,75,100,51
86,3,9259,100,120,101
58,14,5583,50,70,110
217,19,4807,55,88,122
63,15,8111,200,215,211
55,8,7370,80,100,98
60,12,8855,120,150,187
71,16,33114,100,110,122
78,9,47566,89,142,98
37,13,30342,1,50,54
50,20,6429,20,30,50
67,13,57416,60,80,54
52,23,19868,190,220,176
81,3,20144,29,32,31
96,6,49953,130,140,180
58,15,5032,75,100,113
217,20,6850,44,77,73
74,4,23724,41,43,43
70,2,9791,75,85,118
55,9,4789,30,40,43
64,16,21221,140,155,113
112,8,19525,125,155,218
59,13,21900,44,65,54
56,16,9738,66,81,94
26,22,23511,50,57,143
51,22,5441,95,100,122
99,2,4955,10,20,118
50,21,6120,70,100,94
106,14,44915,115,120,110
54,21,16999,110,130,122
126,13,77190,45,55,54
58,16,4686,20,40,50
37,14,7611,1,105,110
63,16,11871,110,125,122
55,10,5372,150,170,180
86,4,13551,110,130,162
50,22,4764,50,100,113
59,14,6077,87,122,110
206,21,54073,130,150,122
52,24,13669,80,110,90
55,11,4287,150,160,149
75,3,20049,60,75,101
96,7,15309,28,32,31
93,10,25638,115,125,83
99,3,4321,80,90,218
56,17,13304,78,89,113
58,17,8502,100,120,122
50,23,4860,100,200,171
70,3,12052,120,130,149
81,4,15420,55,85,101
37,15,6192,1,125,122
74,5,12958,101,105,162
64,17,15857,190,230,211
219,13,14953,15,20,54
54,22,8275,140,160,143
78,10,21373,157,237,180
51,23,15895,40,41,50
55,12,4354,50,60,83
59,15,9660,34,66,73
150,7,59669,170,190,149
50,24,5252,50,80,122
58,18,5625,70,90,94
99,4,5952,50,60,162
63,17,17793,70,85,73
75,4,12237,80,95,149
71,17,33825,130,140,176
74,6,7031,60,65,83
220,10,5023,50,150,31
37,16,8333,1,70,50
77,18,51461,144,156,176
64,18,10847,90,120,143
93,11,12908,100,110,98
73,20,48824,110,120,90
59,16,6087,43,55,50
70,4,12344,35,50,43
54,23,7857,160,180,211
86,5,21685,120,160,149
51,24,7296,170,171,176
56,18,18228,145,156,176
58,19,11146,150,170,171
37,17,6941,1,85,73
81,5,15638,100,130,180
59,17,6384,78,99,94
162,5,50294,83,86,83
75,5,11606,70,85,98
63,18,13092,100,110,94
220,11,9910,30,100,180
26,23,36755,25,30,73
93,12,9798,100,110,101
56,19,7490,188,196,211
67,14,13563,100,120,110
64,19,12525,100,120,90
99,5,11423,35,150,31
70,5,4501,160,170,180
78,11,23110,72,122,83
226,2,44306,135,150,118
58,20,8610,115,140,143
37,18,7038,1,195,211
59,18,6506,99,112,113
112,9,49116,90,105,98
81,6,9226,125,170,187
86,6,15155,30,31,31
126,14,17750,95,100,110
206,22,43652,138,158,143
56,20,7782,149,159,171
99,6,5395,40,170,149
71,18,24249,80,90,73
114,12,110263,90,100,83
54,24,19551,90,110,94
37,19,6154,1,175,171
106,15,52896,115,120,113
63,19,13513,200,210,171
59,19,6779,99,120,90
96,8,49975,100,105,101
74,7,29438,31,32,31
58,21,10804,125,155,211
64,20,12901,80,110,73
220,12,4752,100,180,149
70,6,8752,80,110,98
97,1,43973,30,50,51
81,7,5026,150,200,218
67,15,9500,140,150,122
218,13,55324,10,30,54
75,6,18807,40,58,43
56,21,6583,40,46,73
26,24,15083,70,79,211
172,3,227487,150,160,180
90,1,42425,100,150,51
78,12,15552,112,142,187
94,2,33883,50,200,118
37,20,8391,1,145,90
86,7,12521,140,180,180
59,20,9854,147,199,211
70,7,6671,140,160,162
56,22,7535,38,50,50
58,22,13466,50,70,73
64,21,11397,90,120,94
67,16,11117,180,190,171
112,10,23229,175,250,187
75,7,10060,88,99,187
82,13,86094,55,75,54
63,20,16657,115,130,113
37,21,4975,1,155,176
96,9,19333,42,46,43
74,8,7601,150,200,180
59,21,7309,122,143,122
81,8,15409,90,130,162
92,1,77940,50,60,51
70,8,7008,190,210,218
105,7,96621,165,175,180
56,23,7030,77,89,122
77,19,56891,156,170,171
58,23,7640,60,80,90
218,14,11977,100,110,110
150,8,29967,200,220,180
71,19,28741,125,135,143
88,1,44544,25,45,51
67,17,9723,60,65,73
37,22,7510,1,165,113
64,22,11997,200,250,176
74,9,6941,175,225,187
59,22,7581,176,210,176
81,9,6102,60,120,149
58,24,4590,120,130,176
56,24,5416,56,77,90
97,2,13506,50,70,118
70,9,5416,70,100,83
37,23,4826,1,150,143
226,3,43268,75,95,83
90,2,11449,50,70,118
112,11,11053,150,175,162
92,2,4694,80,85,118
63,21,19535,45,55,50
59,23,6841,144,165,143
75,8,22158,31,35,31
86,8,24195,80,110,98
81,10,6008,60,100,98
37,24,4279,1,110,94
106,16,33564,77,79,73
178,3,143957,140,154,149
162,6,58343,107,110,98
67,18,17728,60,65,50
59,24,6249,211,234,171
63,22,5525,180,200,176
74,10,17530,40,60,98
218,15,9681,75,89,94
64,23,21236,50,65,50
70,10,16047,25,33,31
97,3,12568,55,65,98
75,9,8967,70,85,180
82,14,31259,130,150,110
90,3,12768,110,155,218
73,21,83668,183,203,211
86,9,11565,80,122,187
67,19,6832,140,150,176
63,23,7297,180,200,143
92,3,12785,31,35,31
94,3,18976,125,160,180
226,4,13394,130,150,162
74,11,6206,100,200,149
88,2,13549,65,85,118
71,20,31237,50,55,50
206,23,66521,82,97,90
105,8,35910,79,81,83
81,11,21681,60,110,83
64,24,10161,90,130,122
83,13,78408,40,50,54
96,10,51222,160,180,187
70,11,13016,65,85,101
77,20,41956,72,74,73
97,4,9466,150,200,149
67,20,12045,90,100,90
74,12,8031,180,200,218
226,5,8304,100,120,101
75,10,17361,120,130,218
90,4,12766,170,200,180
63,24,15026,115,130,90
112,12,33373,29,30,31
88,3,8287,65,85,83
70,12,7449,140,160,187
83,14,6142,80,100,110
218,16,12821,90,115,211
67,21,7494,120,125,94
86,10,20317,50,70,83
107,13,73210,38,45,54
94,4,19832,50,78,98
106,17,40446,96,100,90
97,5,10406,130,150,180
150,9,42654,190,220,218
90,5,6072,50,110,98
75,11,11179,110,120,162
226,6,12681,105,120,180
92,4,18403,47,49,43
162,7,30913,31,32,31
82,15,24800,100,130,90
218,17,7854,100,150,113
88,4,8032,75,95,101
86,11,9076,180,200,218
81,12,25973,43,48,43
126,15,87838,133,138,143
97,6,9454,150,180,187
94,5,9324,125,190,218
67,22,16027,160,165,143
226,7,10740,150,160,187
71,21,34868,110,130,113
83,15,17408,150,170,122
92,5,13587,115,118,98
88,5,8167,110,130,180
218,18,9337,30,50,50
67,23,6545,190,200,211
90,6,18382,45,80,83
99,7,7665,135,165,98
97,7,10943,170,200,218
75,12,24860,78,89,83
73,22,55743,116,125,113
82,16,21010,60,90,73
178,4,45905,80,86,83
94,6,11376,25,35,43
67,24,7475,110,115,113
86,12,22870,40,50,43
87,13,65229,23,30,54
107,14,29637,100,112,110
92,6,12862,129,131,162
218,19,10417,35,60,73
83,16,20135,80,100,90
88,6,14608,20,30,31
97,8,11905,70,90,83
99,8,6664,145,195,187
94,7,10024,150,175,149
90,7,18343,100,150,187
96,11,69442,95,100,98
92,7,11965,99,102,101
206,24,74636,87,98,94
71,22,31526,180,200,211
150,10,41523,30,33,31
105,9,74091,150,160,187
97,9,7909,100,130,101
218,20,8369,70,130,143
118,1,59735,20,30,51
79,13,54297,50,60,54
94,8,7697,150,200,187
90,8,7839,150,200,149
88,7,14043,150,180,218
98,13,109685,30,40,54
83,17,21781,46,47,50
82,17,31195,140,170,176
116,1,157005,40,50,51
92,8,13638,151,155,187
79,14,6928,70,80,110
218,21,10712,190,199,176
77,21,71229,132,150,143
88,8,6423,55,75,98
118,2,9143,60,70,118
96,12,28941,160,180,218
106,18,80167,210,215,211
97,10,14692,40,50,43
94,9,17235,30,31,31
83,18,8486,110,130,94
92,9,8800,161,165,180
73,23,49182,124,130,122
105,10,22505,30,31,31
90,9,21539,30,32,31
88,9,7337,100,130,162
97,11,5149,150,180,162
82,18,15151,90,120,113
98,14,9317,65,85,110
87,14,9613,70,90,110
92,10,7546,141,145,149
104,1,54012,20,30,51
118,3,12176,80,100,162
218,22,14071,89,105,90
162,8,85002,177,187,187
79,15,19212,60,70,50
71,23,38138,190,210,171
90,10,7350,50,100,101
172,4,182421,150,200,187
107,15,42408,115,133,122
88,10,9015,110,140,187
97,12,8486,30,50,31
77,22,25956,48,49,50
98,15,6764,180,200,211
94,10,21817,70,90,83
92,11,9067,189,192,218
90,11,7072,10,50,43
118,4,8391,80,100,98
110,13,90772,50,70,54
88,11,8382,95,125,149
79,16,10532,80,90,73
150,11,33026,140,170,162
218,23,10215,110,145,122
218,23,13487,110,145,122
90,12,6520,100,150,162
94,11,8714,70,100,101
87,15,19157,60,63,90
92,12,11797,75,80,83
126,16,106111,148,156,171
151,1,54796,60,80,51
88,12,7328,20,40,43
82,19,29337,45,55,50
118,5,8179,150,200,218
116,2,29420,40,50,118
85,13,149952,30,45,54
104,2,10684,78,92,118
121,13,489029,55,58,54
79,17,14902,150,160,171
71,24,30978,100,110,94
98,16,23706,100,115,122
94,12,9745,120,180,162
108,1,28285,30,40,51
110,14,19381,90,130,110
218,24,16428,120,150,171
146,1,140772,50,60,51
107,16,37825,112,129,113
118,6,8390,100,175,149
87,16,16699,175,180,176
104,3,9346,40,60,83
215,13,38937,30,40,54
73,24,65204,116,126,143
85,14,5489,75,90,110
79,18,18710,140,150,143
151,2,19375,100,120,118
172,5,55733,98,110,98
98,17,20645,125,140,143
108,2,9490,120,140,118
77,23,61389,117,121,122
89,13,27907,35,45,54
118,7,18333,50,80,43
83,19,88039,110,130,73
178,5,98127,150,158,162
85,15,6801,70,90,113
150,12,38635,70,100,98
82,20,20672,90,110,94
87,17,20028,20,25,50
104,4,8190,98,113,187
79,19,15256,140,150,211
105,11,89626,130,133,149
116,3,27190,30,35,31
151,3,12153,140,160,149
108,3,11433,160,175,187
110,15,33414,70,105,73
137,1,75037,49,52,51
85,16,7679,30,40,50
105,12,5666,180,200,162
87,18,10773,70,80,73
111,13,44321,75,95,54
118,8,10906,100,200,187
83,20,13527,150,160,211
89,14,11951,60,80,110
126,17,54963,72,75,73
146,2,25402,80,100,118
99,9,4951,140,179,83
79,20,15366,120,130,113
104,5,13445,46,52,43
172,6,28512,42,44,43
82,21,21437,140,160,211
107,17,53137,139,146,143
108,4,11270,25,35,31
121,14,60648,108,116,110
106,19,113832,200,206,94
99,10,6344,85,160,180
215,14,18969,90,100,110
162,9,87439,190,198,180
85,17,10366,110,150,122
118,9,10955,50,100,101
214,15,10390,155,165,176
87,19,12174,100,120,122
151,4,18741,30,32,31
104,6,8456,99,124,218
79,21,12087,80,90,90
98,18,44281,100,115,90
83,21,14534,150,180,176
116,4,24593,300,330,187
99,11,6415,45,189,43
91,13,66899,30,40,54
89,15,14491,90,150,176
110,16,21480,125,150,143
108,5,8653,220,240,218
215,15,10063,80,100,94
77,24,48662,87,94,94
99,12,5407,65,99,101
104,7,8214,100,123,101
85,18,7271,110,130,94
89,16,6271,45,65,73
87,20,15028,120,140,113
79,22,14421,120,130,122
82,22,20615,140,160,171
111,14,22418,121,135,110
182,7,413612,200,240,218
91,14,6024,75,90,110
118,10,17034,25,40,31
115,1,54025,40,60,51
103,1,21005,31,38,51
85,19,6147,190,210,143
178,6,57735,104,110,98
79,23,11837,90,100,94
108,6,12957,170,180,162
151,5,25600,80,100,98
98,19,22289,115,125,113
91,15,8232,65,75,94
85,20,7757,170,190,176
89,17,9476,140,150,211
215,16,18203,60,130,143
116,5,24128,100,110,98
83,22,23967,100,130,143
110,17,18823,130,170,171
118,11,15597,50,100,83
87,21,20846,65,80,94
82,23,20897,110,130,122
107,18,50817,168,174,176
108,7,9955,75,85,98
103,2,7065,89,95,118
104,8,31201,31,32,31
124,13,157346,50,54,54
137,2,64867,130,135,118
91,16,7987,225,240,176
79,24,19973,170,180,176
83,23,8390,150,180,171
89,18,10823,80,95,94
116,6,8741,80,100,83
85,21,7137,210,230,171
118,12,9070,100,200,180
215,17,4828,50,90,113
103,3,7478,127,135,162
87,22,15237,185,195,171
115,2,16912,70,90,118
108,8,9712,140,150,180
89,19,5161,55,65,50
98,20,26040,85,100,94
104,9,7738,87,102,162
85,22,7704,200,220,211
106,20,65978,170,175,143
91,17,12933,175,190,143
82,24,18786,130,150,143
100,13,18873,40,50,54
89,20,6555,75,85,113
126,18,82385,89,92,94
110,18,23665,170,210,211
103,4,9720,187,210,187
111,15,40945,127,135,122
87,23,11639,200,210,211
108,9,8183,160,175,149
214,16,68844,105,110,122
100,14,4683,70,100,110
83,24,20887,80,100,113
91,18,5660,60,70,90
116,7,17801,160,190,180
146,3,72200,170,180,162
151,6,43845,170,190,162
85,23,7579,45,60,90
89,21,5687,55,60,90
215,18,13047,40,60,50
104,10,13055,111,132,149
119,13,91292,25,30,54
102,13,23718,50,100,54
162,10,79439,250,275,218
91,19,5391,190,200,113
121,15,91155,172,180,171
87,24,9559,150,165,143
108,10,8722,85,95,83
124,14,30527,100,110,110
98,21,25152,48,53,50
85,24,5166,45,60,73
103,5,10190,118,129,101
115,3,19096,80,120,101
91,20,4827,50,60,73
100,15,12453,100,120,113
116,8,9109,200,250,218
89,22,11412,95,100,171
106,21,26958,151,152,50
104,11,9414,97,112,98
142,1,45790,100,150,51
103,6,4891,87,99,98
111,16,18991,51,53,50
214,17,17313,155,165,211
108,11,8502,34,40,43
100,16,6031,140,150,211
91,21,8291,30,45,50
107,19,58148,230,240,211
215,19,19422,50,70,122
89,23,6813,100,105,143
103,7,6269,167,178,180
116,9,8726,30,60,43
104,12,8218,187,195,180
110,19,28345,85,110,94
115,4,12997,40,60,43
91,22,5765,225,235,211
142,2,10131,200,250,118
103,8,5360,61,75,83
100,17,8276,50,70,90
108,12,10186,85,95,101
119,14,12787,35,50,110
182,8,100410,150,200,162
89,24,8954,65,75,122
116,10,8089,120,150,162
91,23,5886,165,175,171
151,7,38774,41,45,43
215,20,14422,70,90,211
172,7,136856,178,190,218
115,5,13578,80,120,83
103,9,9744,170,190,149
98,22,35607,73,76,73
100,18,9857,225,250,171
178,7,98933,160,180,180
137,3,82444,93,97,98
116,11,11194,140,175,149
103,10,5502,29,38,43
145,1,164240,50,56,51
107,20,31132,102,109,94
142,3,18563,75,150,83
91,24,18280,145,155,122
103,11,5505,27,32,31
111,17,43726,192,222,171
126,19,67630,89,95,90
106,22,44085,150,152,122
116,12,6530,50,90,101
215,21,5562,20,60,171
137,4,8238,100,120,149
119,15,16621,150,170,90
110,20,14652,110,130,122
121,16,64022,115,123,122
146,4,66725,90,100,101
120,1,110482,30,40,51
103,12,5609,201,225,218
100,19,18879,125,150,176
98,23,22214,90,115,176
124,15,63301,150,160,176
102,14,6087,40,80,110
115,6,26472,90,130,180
162,11,78201,46,47,43
100,20,7263,50,75,94
215,22,5875,30,50,90
151,8,38186,100,120,101
120,2,6944,50,60,118
136,1,65922,50,60,51
132,1,7882,40,50,51
124,16,10546,150,160,211
100,21,4796,40,50,73
102,15,11502,50,60,50
137,5,22607,30,31,31
115,7,12435,120,180,187
146,5,17129,80,120,218
214,18,78172,95,100,90
142,4,24437,100,175,162
111,18,34574,93,103,94
215,23,5734,10,100,176
107,21,45208,55,58,50
102,16,6026,140,160,176
98,24,29234,85,105,171
119,16,21346,50,100,50
145,2,13653,100,120,118
125,13,59392,48,52,54
100,22,13258,100,110,122
120,3,16436,120,140,218
102,17,4873,180,190,143
115,8,15316,29,33,31
214,19,11750,145,155,143
100,23,5224,100,150,143
102,18,6214,70,90,122
106,23,55239,143,145,176
151,9,29698,170,200,180
146,6,13207,100,120,187
215,24,9890,30,40,73
136,2,14692,110,140,118
132,2,31174,80,100,118
120,4,8346,50,60,101
110,21,24534,65,90,50
142,5,20263,25,50,43
102,19,5379,50,70,73
145,3,15074,220,240,162
119,17,15373,50,75,73
172,8,87889,90,100,101
120,5,7068,100,120,180
100,24,12897,40,60,50
102,20,5093,200,220,171
107,22,31261,66,74,90
214,20,17313,210,215,171
127,13,95610,80,100,54
125,14,20824,92,108,110
126,20,70480,115,119,122
115,9,23767,90,150,149
140,1,117529,30,50,51
102,21,5177,175,180,113
151,10,22076,200,220,218
110,22,16789,180,220,176
142,6,18365,25,35,31
136,3,15809,50,65,83
121,17,55176,98,110,113
102,22,5229,60,75,90
137,6,58291,150,170,187
145,4,9809,150,170,149
124,17,61641,150,160,171
120,6,22023,30,31,31
146,7,31556,28,33,31
115,10,17564,80,130,98
123,13,92512,75,80,54
102,23,6860,165,180,211
111,19,62891,205,225,211
125,15,21270,150,170,143
182,9,123641,95,100,98
127,14,22496,110,120,110
122,1,27172,20,25,51
132,3,28013,120,150,187
119,18,21155,85,110,113
102,24,5819,55,80,94
124,18,9716,140,150,143
162,12,85249,149,152,162
107,23,33413,57,65,73
136,4,17120,130,150,162
115,11,10425,150,250,218
120,7,11134,80,100,162
145,5,17620,100,120,101
142,7,24264,100,125,101
110,23,21543,85,120,90
140,2,14800,50,60,118
111,20,18464,115,127,113
123,14,13303,70,80,110
120,8,6279,200,220,187
115,12,8760,80,140,162
122,2,9851,100,110,118
146,8,20813,80,100,180
214,21,46781,48,49,50
106,24,73948,165,170,171
119,19,13906,200,210,94
121,18,34598,110,125,143
136,5,14119,50,70,101
145,6,15969,29,31,31
132,4,8744,110,130,180
120,9,6870,100,120,149
125,16,31318,86,96,90
127,15,27278,160,180,171
142,8,16875,100,125,98
122,3,12550,100,120,162
123,15,15246,100,130,211
120,10,6658,40,50,83
137,7,54224,100,130,180
146,9,12246,60,80,83
140,3,20453,150,160,180
145,7,14190,100,120,98
111,21,27235,145,157,143
151,11,63860,80,90,83
120,11,6086,60,80,98
107,24,43773,212,220,171
122,4,9166,500,530,83
124,19,44670,90,95,94
121,19,22414,130,150,176
139,13,50474,20,60,54
136,6,21978,29,33,31
178,8,176305,144,160,187
110,24,42090,115,160,113
145,8,8148,45,55,43
127,16,24099,90,100,94
122,5,5583,40,50,101
132,5,25664,100,110,101
214,22,36125,95,100,94
111,22,16421,92,107,90
142,9,26218,100,175,149
122,6,5364,65,90,187
145,9,8122,200,220,187
140,4,16535,30,40,31
113,13,50602,20,30,54
136,7,13891,160,185,180
125,17,27249,120,130,122
146,10,27882,40,45,43
122,7,5160,50,60,218
120,12,28372,40,50,43
137,8,36083,40,45,43
172,9,99759,140,150,149
145,10,6116,240,250,180
151,12,30259,160,180,187
147,13,90252,52,54,54
117,13,46863,30,40,54
113,14,4620,50,70,110
126,21,109575,169,175,211
132,6,17423,130,150,218
122,8,4804,40,50,43
111,23,20846,175,187,176
113,15,6025,70,80,73
145,11,7737,80,90,83
121,20,36647,74,80,73
127,17,28333,140,150,211
136,8,11867,140,170,149
119,20,37299,100,110,171
122,9,8915,50,60,98
113,16,5135,100,120,113
142,10,22488,100,250,187
117,14,9747,70,80,110
125,18,22365,48,54,50
123,16,58062,180,200,143
132,7,12079,80,100,98
122,10,4598,80,100,180
145,12,9497,240,280,218
113,17,4971,100,110,94
214,23,34250,78,80,73
140,5,27160,120,180,149
111,24,14598,72,87,73
139,14,36110,120,150,110
172,10,26753,31,32,31
113,18,5090,120,130,122
117,15,7053,35,55,50
143,1,88216,48,54,51
124,20,60732,100,105,90
119,21,12705,175,250,211
113,19,5058,200,210,171
122,11,11551,10,15,31
127,18,21096,55,65,90
147,14,19811,79,96,110
146,11,35532,90,100,98
121,21,24490,150,200,211
117,16,8427,160,195,143
113,20,7782,15,25,50
123,17,18565,35,50,50
136,9,30558,29,46,43
122,12,8079,40,50,149
125,19,27747,108,118,113
140,6,21217,130,150,101
139,15,24598,48,52,50
142,11,21066,110,200,218
113,21,6572,60,80,143
156,13,85450,54,62,54
117,17,9315,78,95,113
143,2,18144,120,140,118
132,8,36263,110,130,83
146,12,15030,110,120,149
119,22,15939,245,300,176
214,24,28328,88,90,113
117,18,5317,60,89,94
182,10,156097,170,210,180
144,13,118878,40,50,54
137,9,71671,80,87,83
136,10,17727,150,185,187
113,22,12613,190,200,211
127,19,31197,48,51,50
121,22,29915,84,95,94
140,7,15123,250,270,218
117,19,4281,80,110,90
132,9,11688,120,150,149
113,23,6075,40,50,90
124,21,42228,80,85,73
137,10,8637,170,190,162
123,18,22294,110,125,171
144,14,5936,80,100,110
125,20,32047,170,180,176
113,24,4093,120,140,176
117,20,10497,210,220,171
137,11,5182,150,190,218
139,16,33598,80,100,94
142,12,27384,200,225,180
154,1,79897,40,60,51
117,21,4443,130,150,176
140,8,17579,30,40,43
136,11,14960,40,100,98
117,22,4501,70,99,122
126,22,89727,164,175,176
147,15,40163,73,76,73
119,23,20568,150,175,143
123,19,16625,190,200,113
159,1,18629,40,100,51
127,20,29190,70,80,73
132,10,24216,90,110,43
143,3,38414,140,155,218
117,23,5347,70,99,73
182,11,37683,30,32,31
124,22,30386,50,52,50
156,14,25178,95,110,110
140,9,17821,140,160,98
154,2,12007,120,150,118
123,20,11960,100,110,176
125,21,33239,175,190,211
136,12,12595,150,195,218
143,4,8875,55,75,83
144,15,39339,100,105,113
168,1,159866,45,50,51
117,24,13184,220,244,211
121,23,49799,90,102,90
159,2,14471,150,170,118
139,17,37184,220,240,211
119,24,14973,150,200,122
123,21,9512,50,55,73
127,21,26484,130,140,122
140,10,14157,50,70,83
154,3,11747,180,200,187
143,5,14753,95,115,98
159,3,5231,100,130,218
132,11,26888,130,150,162
172,11,115483,160,170,162
169,1,126398,56,72,51
144,16,23610,90,105,171
147,16,38911,144,156,176
126,23,41607,50,53,50
159,4,5072,40,60,83
125,22,30137,88,95,94
123,22,16672,75,90,94
154,4,12667,100,120,98
124,23,39221,100,110,113
143,6,10235,200,220,187
127,22,20295,140,150,176
137,12,71971,88,110,101
159,5,6186,120,200,162
140,11,22754,200,220,162
139,18,30745,150,180,171
132,12,15959,150,160,31
157,13,124619,50,56,54
143,7,6674,160,180,149
159,6,4248,100,150,187
168,2,12845,60,70,118
154,5,13666,170,200,218
121,24,47415,45,55,50
123,23,16721,50,100,90
130,13,60892,20,40,54
133,13,81035,50,53,54
143,8,7613,75,95,101
159,7,7760,80,120,98
128,13,90090,37,53,54
155,1,75145,55,60,51
125,23,27900,78,88,73
140,12,17754,280,310,187
159,8,5688,80,120,101
130,14,6829,80,90,110
133,14,8219,90,100,110
139,19,29173,135,150,113
154,6,13999,40,75,43
123,24,14489,100,200,122
130,15,4194,80,120,143
144,17,45069,49,52,50
128,14,7378,107,143,110
168,3,18403,32,35,43
172,12,48951,83,86,83
147,17,29962,149,162,143
178,9,226554,217,230,218
133,15,4997,90,100,94
129,13,10317,20,40,54
157,14,12955,100,110,110
143,9,21035,31,32,31
124,24,45543,100,115,122
130,16,5985,140,160,176
156,15,65647,160,165,176
128,15,6581,23,46,50
129,14,4153,100,200,110
154,7,10632,180,210,180
127,23,50442,160,170,143
130,17,5257,60,90,73
159,9,16826,40,60,43
143,10,6789,175,190,180
133,16,11558,170,190,211
128,16,5073,63,108,122
155,2,22562,85,95,118
129,15,6933,150,160,171
130,18,7615,120,140,122
169,2,28951,107,156,118
168,4,17752,29,30,31
154,8,9001,120,140,101
126,24,71676,106,111,113
143,11,9159,165,185,162
125,24,42057,65,75,171
152,1,74198,45,55,51
128,17,13085,150,210,211
130,19,10008,100,110,94
131,13,14297,30,40,54
129,16,14524,60,80,90
154,9,10167,90,110,83
128,18,6625,63,80,73
148,13,60209,30,40,54
130,20,6604,190,210,211
152,2,6100,50,55,118
139,20,51805,100,120,122
131,14,4275,80,100,110
133,17,28761,65,80,73
129,17,6123,50,60,73
147,18,42808,95,102,94
143,12,24555,52,54,43
129,18,4515,120,140,113
156,16,39309,210,220,211
169,3,15349,76,89,83
127,24,41028,90,110,113
144,18,60892,150,175,143
131,15,6242,110,130,94
130,21,11776,100,105,113
168,5,28348,280,290,218
152,3,6976,100,120,149
135,13,14442,30,40,54
159,10,47019,150,250,180
129,19,7840,150,160,211
182,12,149164,80,120,101
131,16,4823,60,70,50
128,19,5297,72,89,113
155,3,37564,100,180,218
154,10,24261,30,40,31
148,14,10335,70,90,110
134,13,25047,20,30,54
131,17,4703,80,100,73
130,22,13708,40,60,50
133,18,26386,49,50,50
135,14,12986,50,60,110
128,20,10755,146,212,171
129,20,12675,90,100,122
168,6,14896,100,110,98
131,18,6265,120,135,113
178,10,79131,110,120,101
134,14,6132,40,50,110
154,11,13018,100,120,162
128,21,6266,89,100,90
135,15,5271,50,60,90
133,19,11508,115,130,171
139,21,40375,124,150,143
155,4,14804,50,60,83
134,15,5084,90,100,176
169,4,13001,175,199,180
147,19,35681,50,51,50
128,22,4287,118,137,143
129,21,13523,100,150,176
133,20,5755,90,110,122
144,19,42076,114,123,122
134,16,5579,30,40,73
128,23,4535,146,189,176
135,16,8203,150,170,171
156,17,36923,76,86,94
154,12,13082,150,180,149
168,7,19075,170,180,149
131,19,21957,125,140,122
155,5,9524,20,40,43
133,21,5980,70,90,90
157,15,98765,125,130,122
134,17,6730,200,210,211
128,24,4217,89,112,94
130,23,5963,60,90,90
135,17,5602,130,140,143
129,22,6297,20,30,50
131,20,6378,140,160,171
144,20,12743,170,175,211
152,4,58711,95,100,98
134,18,5970,180,190,143
133,22,9268,110,125,113
129,23,4797,100,110,143
135,18,5187,150,170,176
130,24,7210,120,140,171
131,21,8474,130,145,176
134,19,6760,40,50,94
129,24,4918,40,60,94
139,22,37262,70,80,73
133,23,6973,130,145,143
135,19,4163,80,90,113
168,8,20593,90,100,83
155,6,19068,100,200,162
131,22,6357,160,175,211
147,20,29594,189,207,211
169,5,29817,30,37,31
134,20,6917,130,140,122
141,13,62562,40,50,54
178,11,27973,43,45,43
131,23,4800,40,60,90
134,21,7179,130,140,171
133,24,15689,145,160,176
141,14,6286,80,90,110
131,24,6840,110,135,143
135,20,21178,47,50,50
134,22,5219,50,60,90
148,15,16783,70,90,113
139,23,33877,90,110,90
141,15,10857,220,240,211
135,21,7311,60,70,94
178,12,18371,30,32,31
134,23,8247,30,40,50
152,5,46581,100,110,101
169,6,24388,42,45,43
155,7,26290,100,125,101
164,1,43675,30,40,51
168,9,35195,150,165,101
153,1,59681,40,60,51
148,16,5922,140,150,176
170,1,82247,50,60,51
135,22,6450,40,50,73
134,24,10417,110,120,113
169,7,8912,110,130,187
141,16,14641,140,160,122
135,23,5819,160,180,211
156,18,87189,140,145,143
148,17,9569,70,75,122
144,21,72880,89,95,94
147,21,36856,88,92,90
152,6,16284,30,35,31
164,2,6992,60,75,118
155,8,15321,125,175,180
135,24,4555,50,70,122
153,2,7871,80,100,118
141,17,8302,45,65,50
148,18,8140,60,70,90
168,10,20836,180,200,187
144,22,9712,130,135,176
169,8,10215,110,145,98
164,3,7435,90,120,98
141,18,8470,80,100,94
152,7,11779,140,150,180
148,19,6332,150,170,211
153,3,11113,35,55,43
170,2,13512,65,75,118
155,9,21218,28,35,31
148,20,5886,70,80,94
153,4,5982,100,120,162
141,19,12559,70,90,90
164,4,10897,130,150,218
157,16,119010,85,91,90
147,22,28295,95,113,113
139,24,61629,162,200,176
169,9,21930,145,190,162
141,20,6218,160,180,176
170,3,13339,120,140,162
153,5,12325,30,40,31
155,10,18223,80,150,187
164,5,17234,100,120,101
144,23,43037,73,76,73
152,8,35707,80,85,83
156,19,39617,100,105,113
141,21,11683,220,240,171
153,6,8975,100,110,187
169,10,17976,120,175,149
163,13,101187,60,90,54
168,11,43125,160,175,180
152,9,9790,140,150,218
141,22,8076,160,180,143
153,7,6543,70,90,83
149,13,81088,53,60,54
164,6,15826,30,32,31
158,13,38352,45,55,54
147,23,32195,201,212,171
141,23,7896,70,90,73
155,11,26317,140,160,98
169,11,17395,110,185,101
152,10,9699,200,300,187
153,8,11367,90,110,149
141,24,5285,90,110,113
157,17,49858,48,49,50
168,12,17006,170,180,162
149,14,8192,105,110,110
148,21,8552,110,120,143
153,9,9051,60,80,98
170,4,46607,80,85,83
169,12,10151,180,220,218
183,1,96244,30,50,51
163,14,11902,100,110,110
164,7,24336,90,110,149
152,11,20890,40,50,43
155,12,23187,100,150,149
148,22,9430,60,70,50
153,10,7083,120,140,218
144,24,53023,77,93,90
156,20,57547,120,125,122
149,15,10671,120,128,122
227,1,117298,43,50,51
152,12,8094,180,220,162
153,11,7021,50,70,101
149,16,7552,206,214,176
164,8,21894,40,42,43
157,18,36626,140,150,176
158,14,14484,60,70,110
153,12,7410,80,100,180
147,24,49524,116,121,122
164,9,8377,75,100,187
149,17,10774,80,90,90
173,13,76418,48,58,54
170,5,47042,52,54,43
156,21,42351,50,51,50
148,23,46459,170,180,171
164,10,12323,185,200,162
183,2,43521,75,100,118
163,15,42534,90,100,122
149,18,20279,50,52,50
148,24,8797,50,60,73
158,15,31264,40,50,50
173,14,16564,90,120,110
149,19,6663,221,230,211
164,11,19561,60,70,83
163,16,12718,140,150,211
149,20,8163,109,115,94
158,16,13801,100,103,94
164,12,12806,120,140,180
149,21,11132,130,138,143
170,6,41936,115,140,187
149,22,7201,90,95,113
156,22,36453,162,170,171
158,17,12197,100,104,122
163,17,34982,80,90,94
170,7,12232,70,105,101
180,13,125688,40,50,54
149,23,9648,115,122,171
173,15,43352,115,135,122
158,18,10700,155,165,211
170,8,8402,120,150,149
175,13,100079,50,60,54
167,13,46564,40,50,54
159,11,387090,75,150,149
170,9,7038,80,100,98
183,3,70281,150,175,162
158,19,11514,145,155,113
180,14,7353,100,140,110
149,24,33149,73,75,73
163,18,36716,48,50,50
167,14,8129,80,100,110
170,10,15430,30,32,31
157,19,134196,91,93,94
159,12,15424,30,35,31
156,23,40902,30,32,73
173,16,36372,95,120,94
160,13,18171,40,45,54
158,20,22366,74,84,73
157,20,8398,150,175,143
170,11,11086,130,160,218
176,13,100100,40,45,54
167,15,16479,65,75,73
170,12,8046,140,180,180
160,14,8641,80,100,110
163,19,25780,100,110,90
175,14,40908,100,110,110
183,4,44842,42,48,43
166,13,69468,60,85,54
158,21,22517,118,121,143
160,15,9833,70,80,90
173,17,28865,190,220,171
167,16,19421,90,105,113
160,16,9121,120,140,143
158,22,18018,134,142,171
184,1,11485,26,28,51
157,21,50750,71,75,73
156,24,73052,100,103,90
160,17,8018,180,200,211
184,2,6881,96,98,118
176,14,46481,90,110,110
163,20,29356,190,200,171
157,22,8926,120,145,113
228,1,58583,40,60,51
160,18,9306,150,170,176
167,17,23297,48,52,50
158,23,19484,70,73,90
173,18,29773,90,115,113
175,15,43763,80,90,90
157,23,7739,170,200,171
160,19,8692,60,80,94
161,13,77515,47,55,54
184,3,19615,31,32,31
157,24,9468,150,170,211
183,5,56007,145,170,149
167,18,15948,85,95,90
161,14,4822,100,120,110
180,15,14284,200,225,211
158,24,20447,110,113,176
166,14,27798,115,130,110
228,2,14551,120,130,118
173,19,26243,45,55,50
163,21,16182,90,100,143
176,15,38892,130,150,143
184,4,28178,156,158,162
175,16,40492,110,120,122
167,19,21340,150,170,176
165,13,23151,20,25,54
160,20,43201,49,55,50
166,15,29635,105,130,122
161,15,30516,48,52,50
228,3,15463,30,32,31
165,14,9021,50,100,110
160,21,8303,140,160,171
184,5,22235,121,123,180
161,16,4804,80,100,94
180,16,47591,48,52,50
167,20,20850,175,190,211
176,16,35535,150,180,176
160,22,13817,140,160,113
173,20,45650,185,220,176
183,6,61837,165,180,187
161,17,4675,100,120,122
166,16,17174,180,210,143
163,22,16420,80,90,176
175,17,35612,130,140,143
161,18,4470,130,150,143
165,15,27374,60,100,113
167,21,15500,70,80,94
228,4,32207,350,370,162
166,17,5985,180,220,211
184,6,23078,43,44,43
161,19,7647,40,55,73
181,1,74197,50,55,51
163,23,13506,80,90,113
161,20,6998,150,180,171
166,18,11322,95,130,113
173,21,28879,180,240,211
160,23,34134,40,50,73
180,17,35652,80,100,113
167,22,14560,115,125,143
176,17,38449,50,70,50
161,21,6020,150,180,176
165,16,5209,20,30,50
160,24,7633,110,130,122
161,22,5311,90,110,113
165,17,5423,40,60,90
171,13,84388,30,60,54
161,23,4773,150,180,211
175,18,45669,70,75,73
167,23,22872,150,165,171
166,19,28351,49,51,50
183,7,56000,72,88,83
181,2,26372,90,100,118
161,24,8297,60,80,90
165,18,8086,140,150,176
163,24,32850,70,80,73
228,5,44678,300,320,218
176,18,32921,60,70,73
166,20,8611,160,200,171
165,19,5031,1,2,73
184,7,57221,120,122,149
167,24,15234,110,125,122
171,14,8968,100,130,110
165,20,4102,20,40,94
180,18,13766,120,150,143
166,21,13895,100,120,94
173,22,59063,65,80,73
165,21,6694,100,120,171
171,15,8621,30,55,50
175,19,33693,110,120,113
184,8,16864,96,102,98
166,22,7936,85,99,90
165,22,5439,50,70,122
171,16,11111,140,165,143
228,6,36896,85,90,83
183,8,42912,100,110,98
165,23,6100,100,110,211
166,23,10681,160,200,176
184,9,14429,148,156,218
165,24,4374,50,70,143
177,1,36671,50,100,51
171,17,11509,108,130,113
166,24,9800,50,75,73
174,13,19047,60,100,54
176,19,66471,160,170,211
181,3,68101,142,150,149
175,20,37858,140,150,171
171,18,9886,115,130,176
174,14,7920,150,160,110
173,23,45943,170,200,143
171,19,8943,70,90,94
174,15,6481,200,220,211
177,2,8766,70,80,118
184,10,39116,89,92,83
171,20,6651,100,120,171
183,9,51779,75,89,101
174,16,10450,40,80,94
181,4,27802,42,44,43
174,17,5644,30,80,73
228,7,65559,98,102,101
171,21,6616,40,60,73
171,22,5984,90,120,122
175,21,49700,50,55,50
174,18,15338,100,140,176
184,11,23475,168,175,187
171,23,9031,55,80,90
177,3,12669,70,90,98
179,1,103390,23,32,51
176,20,65803,100,110,113
174,19,8251,20,100,90
171,24,7520,160,200,211
177,4,7606,100,125,218
173,24,31508,105,140,90
181,5,42129,100,110,101
174,20,7490,90,102,171
183,10,44847,190,230,218
174,21,4304,199,249,143
177,5,7307,20,40,43
175,22,34372,145,155,176
174,22,6064,24,50,50
180,19,148366,90,120,122
184,12,37847,88,92,101
177,6,5337,20,40,83
179,2,10658,70,80,118
174,23,4186,200,400,122
176,21,42836,90,115,171
183,11,23467,30,34,31
174,24,4577,100,200,113
177,7,7834,40,80,101
179,3,7090,65,70,43
181,6,38236,150,160,180
177,8,7369,20,50,31
228,8,89409,100,110,187
179,4,8503,46,55,31
175,23,43986,170,180,211
177,9,7972,100,150,180
176,22,29264,100,110,122
179,5,7487,150,160,187
177,10,8011,150,200,162
183,12,42086,120,150,180
180,20,63472,100,140,171
179,6,6489,200,215,180
175,24,26057,80,90,94
181,7,42302,90,110,98
177,11,10027,75,125,149
179,7,7273,250,270,218
181,8,8651,148,162,218
177,12,7310,100,150,187
228,9,46615,40,44,43
179,8,6512,110,120,98
176,23,39466,80,110,90
179,9,8288,110,117,101
179,10,12141,101,120,83
181,9,38330,81,84,83
176,24,33655,100,110,94
179,11,9148,182,196,162
228,10,48006,99,103,98
179,12,12404,145,152,149
181,10,32501,200,250,187
180,21,106436,80,110,94
181,11,9639,150,190,162
181,12,23953,31,32,31
228,11,84280,50,56,149
180,22,43731,70,100,90
180,23,46801,80,90,73
180,24,10311,100,130,176
191,13,190249,50,52,54
185,13,163308,53,56,54
185,14,49412,109,112,110
191,14,114479,110,112,110
229,1,17781,80,100,51
229,2,6990,100,125,118
229,3,6335,200,205,218
229,4,4388,50,65,43
229,5,7285,25,45,31
229,6,4117,100,150,187
229,7,5203,175,200,149
185,15,127557,121,140,143
185,16,20909,150,152,211
191,15,128438,167,170,171
185,17,88715,73,78,73
191,16,103458,122,124,122
185,18,73135,49,51,50
187,13,82288,50,70,54
187,14,20478,100,110,110
191,17,100190,91,93,94
187,15,13458,60,70,94
185,19,113503,86,90,90
186,13,64885,60,130,54
186,14,6254,100,220,110
185,20,9802,175,176,176
187,16,18247,130,170,122
185,21,8007,150,152,122
187,17,11752,120,190,143
186,15,21178,68,150,122
191,18,74103,73,74,73
185,22,13590,95,100,94
186,16,8242,125,259,211
187,18,20233,40,60,73
185,23,14813,80,81,113
186,17,15775,30,67,50
185,24,8884,180,185,171
187,19,17846,50,80,50
186,18,8012,70,166,113
186,19,8506,129,209,171
186,20,9133,40,111,94
187,20,18830,80,150,113
186,21,6213,44,129,90
186,22,8132,88,222,176
187,21,16452,160,210,211
186,23,11776,28,77,73
187,22,14589,160,210,171
186,24,7972,55,144,143
187,23,17310,170,215,176
187,24,19608,60,110,90
188,13,31277,43,45,54
191,19,169846,175,177,176
188,14,11087,80,90,110
188,15,12382,100,110,113
188,16,36412,112,114,73
190,1,81606,40,75,51
188,17,23117,110,111,90
191,20,102181,90,92,90
189,13,342068,50,80,54
190,2,9034,60,75,118
188,18,21351,95,112,122
189,14,8944,90,120,110
188,19,10139,160,170,176
190,3,8368,105,120,187
188,20,10739,180,190,171
189,15,16249,70,100,94
190,4,11530,110,145,162
188,21,11597,100,120,143
189,16,10754,90,120,113
188,22,13498,70,75,94
190,5,21413,40,45,43
189,17,24612,50,60,50
191,21,95625,113,114,113
190,6,7580,60,75,98
188,23,23850,46,50,50
189,18,10865,120,160,143
188,24,9374,190,200,211
190,7,18401,33,34,31
189,19,21601,65,95,73
190,8,6469,40,60,101
190,9,7827,130,180,180
189,20,10803,170,230,176
190,10,6807,130,160,149
190,11,10704,60,95,83
189,21,20768,90,110,90
190,12,6925,130,195,218
196,13,111162,55,58,54
189,22,9682,180,230,211
191,22,107658,142,144,143
193,1,6408,40,50,51
189,23,13303,80,120,122
193,2,4435,50,60,118
189,24,11038,140,148,171
193,3,24761,43,44,43
193,4,19612,180,200,180
193,5,4876,120,140,162
195,13,162193,45,55,54
193,6,5988,180,200,218
192,13,22982,25,45,54
196,14,38956,92,100,110
193,7,7108,90,115,83
193,8,13150,31,32,31
193,9,10122,110,130,101
192,14,5054,125,175,110
193,10,5170,150,170,149
195,14,28739,75,95,110
191,23,143663,209,211,211
193,11,8521,185,210,187
196,15,38725,108,115,113
193,12,7851,90,110,98
192,15,8010,125,200,211
194,13,43753,30,50,54
192,16,6968,20,40,50
192,17,4508,75,150,90
194,14,9191,90,120,110
192,18,4639,125,200,171
195,15,33964,95,115,143
191,24,53239,50,51,50
192,19,9170,125,175,113
194,15,13180,40,50,50
192,20,4577,35,75,94
192,21,4519,75,150,176
192,22,4675,125,190,143
195,16,26002,155,175,211
194,16,17931,180,220,171
192,23,5496,45,110,73
192,24,5306,85,150,122
194,17,23191,85,105,94
196,16,88296,130,135,171
195,17,19200,76,94,176
194,18,15057,120,140,113
195,18,14051,69,84,171
194,19,17882,180,210,176
195,19,11631,45,65,90
194,20,18844,180,220,211
196,17,41641,46,48,50
195,20,19004,65,85,94
194,21,20983,85,100,73
195,21,10393,75,85,122
194,22,12545,160,180,143
196,18,36044,68,72,73
194,23,12306,120,150,122
195,22,22497,35,45,50
194,24,14219,80,100,90
195,23,21584,69,89,73
196,19,53170,90,93,90
195,24,12218,69,84,113
198,1,77072,35,45,51
196,20,61214,148,158,176
198,2,11089,110,120,118
198,3,14446,190,205,162
196,21,42759,130,138,122
198,4,12458,165,170,101
196,22,7715,160,165,211
198,5,9158,70,80,83
198,6,15664,110,120,98
196,23,10160,140,142,143
198,7,15256,40,50,43
198,8,20667,190,210,218
196,24,53075,85,90,94
198,9,9912,200,215,180
198,10,7416,190,220,187
197,13,48402,40,50,54
198,11,23718,28,35,31
197,14,10201,90,100,110
197,15,13035,120,140,143
198,12,27053,150,165,149
197,16,10924,50,60,50
197,17,8922,60,70,73
197,18,7609,80,100,113
197,19,9747,120,150,176
197,20,8991,100,120,122
197,21,10486,120,140,171
197,22,9247,80,90,90
197,23,8941,120,150,211
197,24,7900,70,90,94
203,1,86658,56,64,51
203,2,22435,102,110,118
203,3,21534,42,45,43
203,4,26282,109,115,101
199,13,35574,50,80,54
203,5,37979,80,84,83
201,1,77705,50,55,51
199,14,26510,100,150,110
203,6,34156,156,164,162
201,2,22600,60,70,118
199,15,21449,50,100,73
199,16,9566,150,200,143
201,3,13956,90,105,162
200,13,79592,70,80,54
201,4,5684,60,80,180
203,7,36819,200,210,218
199,17,10948,60,120,90
200,14,9473,110,125,110
201,5,16381,50,60,83
199,18,10916,90,150,211
199,19,8611,50,70,50
200,15,8943,90,105,113
201,6,14397,31,32,31
201,7,8072,175,185,218
200,16,8630,120,130,176
203,8,45204,110,116,180
199,20,14852,150,230,176
201,8,17171,40,46,43
199,21,6494,100,120,113
202,1,21343,40,50,51
200,17,17160,30,35,50
201,9,6191,210,240,187
199,22,6405,90,130,122
201,10,6509,70,90,101
200,18,10805,90,100,90
199,23,10423,100,130,171
201,11,5133,110,130,149
202,2,9994,85,90,118
201,12,4389,100,110,98
203,9,37059,160,170,149
199,24,8034,80,120,94
200,19,9660,150,155,143
202,3,10100,48,53,43
202,4,10646,180,187,180
200,20,13560,65,70,94
200,21,8229,145,150,171
202,5,17230,350,360,218
203,10,44405,100,105,98
200,22,9095,40,45,73
202,6,10190,198,200,187
202,7,7763,189,193,149
200,23,13942,170,175,211
202,8,11143,112,120,101
200,24,9410,80,85,122
203,11,45941,170,180,187
202,9,21008,31,33,31
202,10,17654,70,79,98
202,11,11040,120,125,162
203,12,39581,31,32,31
202,12,31533,150,155,83
204,1,70041,30,35,51
204,2,10990,95,105,118
204,3,10442,125,140,187
204,4,11500,65,75,101
204,5,18025,110,120,83
204,6,8054,150,170,162
204,7,13017,30,33,31
204,8,8888,190,210,218
204,9,21727,80,90,98
204,10,13654,35,42,43
204,11,8303,100,110,180
204,12,7726,130,145,149
205,1,62586,40,50,51
205,2,12723,90,110,118
205,3,10093,30,50,43
205,4,8203,150,200,218
205,5,8535,200,220,187
205,6,7239,50,60,83
205,7,9622,100,200,162
205,8,10240,50,100,98
205,9,6861,10,30,31
205,10,10157,50,100,101
205,11,7608,100,200,149
205,12,10022,190,250,180
