user_id,image_index,time,guess,answer
3,1,21115,30,37
3,2,9556,70,73
3,3,11208,60,62
3,4,4014,40,39
4,1,17239,35,37
3,5,6529,70,77
7,1,33299,40,37
3,6,5178,75,85
4,2,8669,45,73
3,7,6074,100,94
7,2,10706,75,73
3,8,6991,110,98
4,3,9105,75,80
3,9,8246,50,44
7,3,5299,70,77
4,4,7190,55,77
3,10,7745,25,29
15,1,27817,36,37
4,5,5792,67,98
3,11,9579,70,80
4,6,6686,35,39
7,4,17495,42,39
4,7,5087,29,44
3,12,8627,140,226
7,5,6429,155,226
0,13,15338,25,41
4,8,5146,27,29
16,1,27673,35,37
0,14,2994,56,112
54,1,49516,36,37
4,9,8710,75,94
0,15,7654,148,165
15,2,47167,72,73
16,2,9721,85,73
4,10,6222,70,85
7,6,25031,72,80
0,16,4457,54,79
4,11,6794,105,226
7,7,6110,85,62
8,1,35444,100,37
0,17,5415,149,166
4,12,4631,60,62
7,8,3723,88,98
0,18,4311,38,60
16,3,20851,40,39
0,19,4174,98,128
8,2,6724,100,73
0,20,3756,59,84
7,9,14333,50,44
0,21,4212,79,109
8,3,7520,60,39
16,4,18720,35,29
7,10,3856,97,85
0,22,4216,68,71
0,23,3910,175,139
7,11,5612,85,94
8,4,7306,40,29
0,24,4112,58,69
16,5,15031,110,98
124,1,67083,36,37
7,12,6421,43,29
54,2,70286,72,73
56,1,106523,36,37
8,5,6092,200,226
16,6,15375,88,80
197,1,9310,45,37
15,3,74159,65,62
8,6,7478,80,44
54,3,26198,45,44
8,7,6414,100,98
16,7,14203,80,77
198,13,15229,60,41
124,2,33635,71,73
199,1,63552,36,37
198,14,4336,120,112
8,8,5969,90,80
2,13,11519,25,41
198,15,5804,200,139
9,1,62810,36,37
54,4,17631,29,29
2,14,2749,85,112
16,8,23950,160,226
198,16,4862,80,60
8,9,7642,80,85
2,15,3120,96,166
198,17,4749,100,71
15,4,23211,39,39
2,16,3454,40,60
56,2,62111,72,73
198,18,4799,180,165
8,10,6431,70,77
2,17,2422,55,79
16,9,14042,55,62
2,18,2602,65,69
124,3,46194,95,98
198,19,7140,80,69
2,19,4313,150,165
8,11,6865,90,94
2,20,2653,95,139
16,10,11105,72,85
9,2,26280,82,73
2,21,2503,85,109
198,20,7329,80,84
5,1,17008,42,37
2,22,2442,65,84
8,12,6443,80,62
2,23,2979,100,128
124,4,20620,44,44
198,21,8849,80,79
2,24,2265,55,71
9,3,9341,187,226
5,2,5294,51,73
16,11,17452,43,44
198,22,5351,180,109
5,3,9023,68,94
198,23,5217,140,128
5,4,5164,35,39
16,12,13149,85,94
198,24,4934,180,166
9,4,15287,29,29
5,5,7231,58,77
124,5,14307,28,29
9,5,9658,95,62
5,6,6226,71,85
18,1,42939,36,37
56,3,80002,27,29
9,6,4575,120,98
5,7,7647,119,226
124,6,20541,39,39
5,8,5543,30,29
9,7,11528,60,44
43,1,51994,36,37
18,2,8448,67,73
5,9,7327,76,98
15,5,126546,215,226
9,8,9195,90,77
5,10,9454,81,80
54,5,147462,224,226
18,3,6959,71,62
9,9,4766,105,94
5,11,6870,59,62
124,7,38847,63,62
5,12,6323,52,44
18,4,8483,84,94
9,10,16451,39,39
43,2,34589,73,73
9,11,7765,105,85
18,5,20248,29,29
200,1,27510,35,37
9,12,6116,80,80
24,13,26395,41,41
54,6,51857,88,85
124,8,46158,85,85
18,6,5247,103,98
15,6,45677,97,98
200,2,5250,45,73
24,14,23604,92,112
200,3,7146,150,226
15,7,18869,44,44
18,7,21400,45,44
43,3,52716,98,98
200,4,5719,150,94
18,8,5759,93,85
201,1,12066,55,37
54,7,45811,79,80
18,9,5008,89,80
124,9,55349,95,94
15,8,34763,77,77
18,10,8480,82,77
6,25,19219,35,36
24,15,44922,142,139
15,9,12736,80,85
202,1,36883,38,37
54,8,23858,39,39
32,13,65254,50,41
6,26,6916,65,85
61,1,29277,39,37
18,11,20139,41,39
6,27,5986,120,193
32,14,9327,115,112
43,4,53017,95,94
200,5,31146,50,62
17,13,26322,42,41
24,16,26275,71,69
18,12,4904,127,226
6,28,4858,85,76
15,10,28029,29,29
6,29,4423,125,177
17,14,17305,90,112
15,11,9322,65,80
61,2,29250,76,73
6,30,4231,55,40
32,15,23313,85,84
15,12,9419,70,94
43,5,21910,29,29
17,15,10146,80,139
6,31,6286,55,114
32,16,8283,115,165
200,6,37990,75,77
24,17,39938,156,166
54,9,60238,95,94
6,32,4563,55,27
56,4,250584,80,80
200,7,6494,40,39
17,16,15606,80,79
6,33,4648,55,103
61,3,36947,77,77
24,18,22075,103,109
17,17,12147,73,69
6,34,5806,55,65
200,8,5497,110,98
43,6,30443,110,226
96,1,45977,39,37
17,18,10415,55,60
6,35,9454,55,51
200,9,5452,150,80
56,5,27165,44,44
54,10,37546,78,77
32,17,43110,65,69
6,36,4843,55,129
200,10,5834,80,44
24,19,25150,88,84
32,18,8599,135,139
17,19,22029,110,128
200,11,6523,40,29
200,12,4526,90,85
24,20,16917,63,60
61,4,49738,84,85
43,7,42414,85,80
124,10,164432,240,226
11,13,9977,40,41
32,19,19704,63,60
17,20,17509,156,166
54,11,38543,63,62
85,1,38444,36,37
11,14,4650,110,112
32,20,7268,126,128
11,15,6075,220,165
17,21,15958,190,165
24,21,32687,152,165
11,16,4891,50,60
26,13,15486,45,41
11,17,5309,60,69
17,22,12064,75,84
32,21,17534,80,79
26,14,5941,120,112
11,18,4411,90,139
61,5,40195,84,80
96,2,80121,82,73
43,8,47224,85,85
56,6,88875,84,85
11,19,4369,60,84
26,15,6721,130,139
27,13,31982,35,41
124,11,52594,77,77
32,22,9104,145,166
17,23,12139,70,71
11,20,5798,90,109
24,22,29459,121,128
11,21,4588,50,79
23,13,20054,44,41
26,16,12817,90,79
27,14,5515,90,112
17,24,13550,104,109
11,22,4411,60,71
38,13,37917,41,41
54,12,67384,98,98
32,23,16718,65,71
10,25,10720,15,36
11,23,5531,200,166
24,23,20206,63,71
23,14,8779,65,112
38,14,4499,120,112
26,17,8891,100,84
43,9,35769,75,62
10,26,5021,67,85
11,24,5275,180,128
27,15,18191,60,60
63,1,49145,37,37
23,15,8393,65,79
10,27,4972,81,129
26,18,10104,85,71
24,24,22214,77,79
27,16,6917,55,79
23,16,7494,55,84
10,28,6911,45,40
39,1,25303,36,37
26,19,7433,125,165
10,29,4149,67,76
22,13,23898,28,41
23,17,7689,58,71
10,30,4184,89,103
27,17,10886,70,69
26,20,7045,85,69
124,12,73137,92,80
38,15,43122,85,84
22,14,6069,79,112
32,24,53549,118,109
10,31,4503,89,114
27,18,5769,85,84
23,18,8760,99,166
43,10,46685,70,77
22,15,5728,67,84
26,21,9839,130,128
10,32,5507,78,51
85,2,123940,78,73
39,2,21636,66,73
13,25,12180,40,36
22,16,5262,60,69
27,19,11399,75,71
23,19,9696,90,128
63,2,44483,76,73
10,33,5084,45,65
61,6,105856,188,226
13,26,5773,70,85
26,22,10479,98,109
22,17,4672,97,128
27,20,5430,105,139
10,34,4444,109,177
23,20,7143,88,69
13,27,5596,90,129
22,18,4846,58,71
43,11,22523,43,39
10,35,4555,88,193
26,23,8516,68,60
13,28,6586,145,177
38,16,37906,150,166
23,21,6462,89,109
10,36,4868,12,27
22,19,4764,125,166
13,29,5374,80,76
27,21,7165,136,166
61,7,16608,44,44
39,3,32417,69,62
22,20,4737,139,139
26,24,9139,130,166
14,25,7653,30,36
13,30,4985,60,51
23,22,8615,133,139
63,3,29963,39,39
27,22,6127,195,165
14,26,4199,50,85
39,4,6588,32,44
22,21,6081,210,165
13,31,6040,155,193
43,12,22970,45,44
14,27,4501,175,193
23,23,8683,78,60
13,32,5040,80,114
27,23,6431,125,109
39,5,6293,63,77
25,1,30821,55,37
22,22,5524,54,60
21,25,19948,36,36
61,8,22187,38,39
14,28,4460,60,51
13,33,5795,25,27
39,6,4708,75,98
23,24,7256,160,165
25,2,4200,56,73
27,24,5320,145,128
14,29,4405,100,103
22,23,7152,75,79
96,3,147749,79,77
13,34,5822,35,40
39,7,8886,61,80
25,3,4537,45,80
14,30,7020,30,27
22,24,5019,94,109
13,35,5662,55,65
38,17,51382,110,109
21,26,17048,77,85
14,31,4085,50,65
39,8,5190,90,94
85,3,76475,84,80
25,4,4422,150,226
13,36,5405,85,103
14,32,4207,100,76
39,9,4360,87,85
25,5,5756,46,39
14,33,4521,35,40
20,25,12242,25,36
39,10,4657,112,226
21,27,16528,61,65
63,4,54389,268,226
14,34,4293,150,177
25,6,6041,34,29
203,25,10393,20,36
14,35,4506,160,129
20,26,7168,89,85
61,9,46890,92,94
25,7,5887,125,98
203,26,7236,45,85
38,18,32026,64,60
14,36,4681,125,114
25,8,4783,65,44
203,27,6358,75,76
20,27,7447,123,103
61,10,13401,29,29
39,11,25744,29,29
25,9,5600,42,62
38,19,12294,95,165
63,5,24425,25,29
21,28,28937,148,177
203,28,5098,90,114
56,7,233125,226,226
25,10,4660,50,77
36,1,31711,37,37
20,28,12359,134,65
203,29,4862,160,177
25,11,5036,80,94
85,4,49931,62,62
63,6,13879,141,80
25,12,4446,75,85
36,2,5739,58,73
203,30,5459,40,51
20,29,5215,56,40
21,29,17485,72,76
39,12,28338,39,39
203,31,7180,100,129
36,3,5191,24,29
21,30,8192,27,27
38,20,35167,72,71
19,25,12940,30,36
20,30,15303,300,193
36,4,4422,96,85
203,32,6584,200,193
61,11,43853,98,98
19,26,6383,80,85
41,13,35291,41,41
19,27,4584,160,177
36,5,5729,96,80
203,33,6153,25,27
85,5,34648,39,39
20,31,9489,200,114
41,14,5523,144,112
21,31,24114,181,193
203,34,6384,35,40
36,6,5951,42,39
38,21,25927,95,139
19,28,7814,45,51
203,35,4940,50,65
20,32,5471,245,177
61,12,27488,66,62
63,7,52706,84,85
36,7,4991,38,44
19,29,6544,28,27
203,36,6028,75,103
20,33,7438,34,27
36,8,4524,82,98
19,30,5014,140,193
21,32,20016,100,103
19,31,4806,45,40
36,9,4717,84,77
20,34,9604,67,76
19,32,6911,65,76
21,33,13106,56,51
36,10,7310,69,62
19,33,6135,110,114
20,35,7983,112,129
38,22,45594,144,128
63,8,34769,122,94
36,11,6110,128,226
31,13,15104,40,41
19,34,7575,132,129
96,4,167845,98,98
36,12,6779,111,94
21,34,20240,114,114
31,14,5948,150,112
56,8,121405,94,94
204,1,53157,37,37
20,36,11695,35,51
19,35,4623,45,65
19,36,4359,123,103
31,15,6417,130,128
68,1,37637,35,37
41,15,33330,83,84
31,16,9681,55,60
21,35,23057,128,129
38,23,39150,80,79
62,1,50487,37,37
30,25,23663,25,36
31,17,6392,75,84
21,36,10095,36,40
204,2,28632,80,73
30,26,4958,65,85
31,18,7280,50,69
63,9,59459,77,77
62,2,15788,67,73
56,9,53096,55,62
29,25,16874,24,36
47,1,11450,37,37
30,27,7051,200,193
31,19,6988,120,139
41,16,33375,65,60
68,2,32785,73,73
38,24,34719,72,69
29,26,4603,88,85
204,3,7928,100,80
31,20,6181,60,79
47,2,8288,65,73
85,6,152115,103,98
31,21,6005,70,71
30,28,13954,27,27
204,4,7602,70,62
47,3,5914,65,62
62,3,21758,342,226
31,22,5493,150,165
41,17,27709,68,69
30,29,5873,150,177
204,5,9417,30,29
68,3,21976,44,44
29,27,28828,40,40
31,23,6615,66,109
30,30,6706,185,114
29,28,6015,86,76
96,5,97729,61,62
31,24,6147,150,166
63,10,48744,62,62
29,29,5024,112,114
41,18,24298,177,165
204,6,18935,55,44
30,31,6491,65,65
62,4,30838,94,94
35,25,23170,36,36
47,4,23790,83,94
68,4,22653,85,80
29,30,4946,56,65
204,7,7216,95,98
30,32,6640,115,129
29,31,5034,46,51
47,5,7293,77,77
35,26,10951,80,85
63,11,22879,91,98
204,8,9281,65,94
41,19,25839,76,71
114,1,89461,34,37
30,33,6319,75,103
47,6,6326,33,44
62,5,30778,90,85
29,32,19104,27,27
40,25,53745,36,36
33,25,22048,36,36
204,9,11327,95,85
47,7,7097,112,226
56,10,98248,77,77
30,34,13227,45,40
41,20,17819,150,139
29,33,7452,176,193
63,12,25789,43,44
68,5,39719,66,62
40,26,8213,72,85
33,26,9844,50,85
47,8,7106,65,80
204,10,15407,130,226
29,34,5198,88,103
35,27,38744,77,76
30,35,5919,65,76
33,27,7290,100,114
41,21,15420,125,109
29,35,6487,124,129
35,28,7234,150,177
33,28,5320,50,51
30,36,6718,45,51
47,9,15238,74,85
114,2,31009,75,73
204,11,6354,25,39
62,6,41965,96,98
68,6,25003,105,94
29,36,7639,186,177
40,27,28516,56,51
96,6,69544,39,39
47,10,6575,85,98
41,22,20180,170,166
35,29,15409,40,40
33,29,16297,41,40
204,12,7751,55,77
47,11,7256,33,39
46,13,50337,45,41
114,3,20922,43,39
68,7,16073,29,29
46,14,6829,75,112
33,30,16103,27,27
62,7,32805,78,80
35,30,26208,100,129
47,12,18657,30,29
33,31,7946,200,177
85,7,163071,94,94
40,28,40766,96,114
68,8,29778,250,226
62,8,14388,39,39
46,15,20436,70,69
96,7,47415,29,29
33,32,13985,76,65
41,23,21265,155,128
35,31,33280,65,65
68,9,18004,39,39
56,11,115164,98,98
114,4,48728,67,62
46,16,17991,102,109
62,9,10870,29,29
33,33,14818,80,76
85,8,34315,44,44
33,34,5831,122,129
40,29,41628,28,27
42,25,28273,36,36
35,32,22693,51,51
34,25,25231,40,36
33,35,8236,120,103
46,17,20979,54,60
41,24,30318,80,79
45,25,29049,36,36
34,26,6195,80,85
35,33,7595,120,193
52,1,21649,32,37
33,36,5537,170,193
68,10,35673,88,85
34,27,6703,100,103
56,12,33642,38,39
70,1,31991,38,37
46,18,15943,120,128
34,28,4565,80,76
35,34,9969,27,27
62,10,41826,44,44
48,25,10004,41,36
42,26,25971,85,85
52,2,11654,54,73
34,29,5025,60,51
48,26,5400,98,85
40,30,36644,64,65
46,19,12570,165,166
34,30,7024,150,177
52,3,6118,90,94
45,26,36124,70,85
62,11,20401,68,77
42,27,14664,27,27
34,31,6640,70,65
52,4,4518,24,44
85,9,69215,75,77
114,5,74830,96,98
34,32,5910,150,193
70,2,21759,68,73
52,5,5002,67,62
46,20,17150,82,71
68,11,47363,107,98
35,35,39005,104,103
48,27,28890,66,65
96,8,104748,83,85
34,33,5591,40,40
52,6,4901,187,226
40,31,37713,78,103
34,34,4769,100,129
42,28,25867,149,193
52,7,7047,123,80
46,21,16125,68,84
34,35,5547,120,114
52,8,4343,18,29
70,3,28277,83,80
34,36,7049,30,27
62,12,47911,62,62
35,36,31924,95,114
37,25,39447,27,36
46,22,14364,104,139
52,9,11292,60,77
45,27,53583,95,103
40,32,27066,78,76
42,29,25161,71,76
68,12,46131,80,77
52,10,6131,31,39
37,26,7023,61,85
44,13,32063,47,41
46,23,12397,120,165
52,11,5573,90,98
44,14,4294,98,112
37,27,5864,113,177
52,12,4900,115,85
44,15,4632,56,60
114,6,68054,78,77
37,28,5134,19,27
70,4,19742,76,85
45,28,23169,27,27
44,16,5445,79,79
42,30,31559,110,114
51,13,28758,39,41
37,29,6237,75,76
46,24,26569,86,79
44,17,6447,59,71
40,33,41213,118,129
48,28,84725,175,177
51,14,6776,128,112
37,30,5299,34,40
44,18,8876,86,84
37,31,4983,199,193
81,13,45414,46,41
44,19,7502,132,139
70,5,23882,41,39
42,31,26624,100,103
51,15,16441,65,69
37,32,5967,176,129
40,34,24184,40,40
44,20,6355,35,69
37,33,7687,55,65
45,29,52067,120,129
42,32,17151,117,129
44,21,8385,86,109
37,34,4757,74,103
70,6,14869,31,29
51,16,23932,115,139
44,22,4821,133,166
77,1,29778,31,37
37,35,6715,56,51
48,29,57607,100,103
114,7,77625,94,94
44,23,7971,89,128
37,36,5607,108,114
51,17,15822,60,71
81,14,43953,74,112
40,35,42428,168,177
44,24,4401,159,165
45,30,30704,69,65
70,7,18123,44,44
42,33,26839,51,51
48,30,15732,40,40
51,18,4276,180,165
49,13,16593,25,41
77,2,14597,40,73
70,8,16370,63,62
114,8,27562,44,44
49,14,6186,79,112
42,34,21435,40,40
81,15,26109,90,166
45,31,31155,125,177
49,15,9491,130,166
51,19,27282,60,60
60,13,39362,41,41
40,36,37071,176,193
64,1,71773,37,37
70,9,16791,58,94
49,16,7508,110,128
42,35,18890,159,177
49,17,4816,78,109
51,20,17058,76,84
77,3,34957,70,62
49,18,4630,60,71
70,10,14603,87,98
60,14,23806,160,112
45,32,29752,110,114
48,31,62490,115,114
51,21,15134,75,79
64,2,29169,76,73
51,22,4809,125,166
49,19,19881,62,60
81,16,46544,78,79
114,9,62230,85,85
70,11,21919,132,226
42,36,37975,58,65
49,20,7314,105,165
45,33,29899,170,193
60,15,35389,140,165
51,23,18819,160,128
49,21,4559,100,139
48,32,35498,76,76
114,10,21178,29,29
59,13,50744,41,41
77,4,43613,45,44
49,22,6911,70,79
70,12,28516,84,77
49,23,6091,75,84
64,3,38911,62,62
51,24,20291,120,109
49,24,7888,75,69
85,10,312384,200,226
124,13,59497,44,41
45,34,38253,80,76
60,16,41670,61,60
81,17,60821,85,84
64,4,19067,44,44
50,25,17739,40,36
48,33,63411,134,129
96,9,321730,188,226
50,26,11747,85,85
59,14,60088,114,112
77,5,57418,70,94
85,11,37985,29,29
50,27,8435,135,129
48,34,21181,51,51
64,5,40753,77,77
60,17,44958,75,71
50,28,12279,105,76
45,35,64564,50,51
50,29,6076,80,51
77,6,30033,90,226
93,13,42717,32,41
50,30,5598,135,114
71,1,40935,40,37
50,31,4352,45,40
93,14,6214,82,112
57,13,53805,36,41
45,36,29465,44,40
59,15,68788,76,79
60,18,46244,105,109
50,32,8327,95,65
57,14,8111,160,112
64,6,54026,100,98
50,33,4927,105,103
85,12,72654,83,85
71,2,16466,60,73
81,18,104023,172,165
77,7,37637,70,77
50,34,6647,155,193
124,14,122982,114,112
57,15,12140,145,166
58,25,33747,45,36
50,35,4990,200,177
71,3,10003,70,62
53,13,12827,50,41
77,8,14433,90,98
48,35,91506,173,193
57,16,6097,64,79
114,11,174898,225,226
60,19,38102,85,84
64,7,27565,40,39
93,15,48820,83,84
50,36,13526,26,27
48,36,10728,27,27
53,14,19669,95,112
58,26,19955,85,85
57,17,16517,87,84
65,13,31618,41,41
71,4,22520,37,39
53,15,5208,130,109
57,18,5872,58,71
64,8,22818,29,29
53,16,7191,140,166
65,14,11284,100,112
57,19,6619,67,60
72,15,53175,65,60
53,17,5891,70,69
65,15,6463,120,165
77,9,43423,100,80
59,16,89765,143,166
57,20,8606,99,109
53,18,4983,120,128
58,27,24279,120,129
71,5,23495,43,44
53,19,4990,70,79
60,20,61460,124,128
64,9,31249,96,80
65,16,13398,130,128
57,21,6960,120,165
71,6,8793,90,94
64,10,6078,100,85
77,10,25748,30,29
53,20,4776,76,71
57,22,7729,120,128
53,21,4135,60,60
71,7,8913,150,226
64,11,7816,115,226
59,17,34101,50,69
65,17,20864,135,166
53,22,5501,140,139
59,18,6606,75,109
72,16,50938,88,84
60,21,32365,84,79
71,8,7597,150,80
57,23,12347,66,69
53,23,4416,170,165
114,12,102727,90,80
64,12,12073,64,94
59,19,6967,85,128
58,28,48310,75,76
77,11,24476,50,85
53,24,4841,70,84
71,9,6627,92,98
65,18,17555,140,109
81,19,140047,66,71
57,24,9257,110,139
59,20,7289,200,165
205,1,28273,32,37
96,10,227949,94,94
59,21,6112,40,60
100,13,98799,39,41
71,10,14934,30,29
59,22,5444,60,84
205,2,12146,87,73
58,29,27012,130,103
93,16,131895,71,71
65,19,29187,65,60
71,11,6613,54,77
60,22,46293,138,139
100,14,7974,80,112
77,12,29110,30,39
59,23,8880,225,139
110,1,32154,36,37
59,24,6170,50,71
71,12,8603,89,85
58,30,19890,180,193
205,3,21576,78,77
65,20,16790,60,71
110,2,10209,58,73
60,23,23988,68,69
205,4,8879,104,226
58,31,17538,30,27
205,5,6402,80,80
110,3,21186,44,44
65,21,25481,57,69
99,13,63245,41,41
66,1,8415,38,37
65,22,10760,75,79
58,32,16323,100,114
205,6,16988,35,39
66,2,4688,85,73
72,17,124144,127,128
110,4,22298,32,29
81,20,94681,64,69
66,3,5744,93,98
60,24,53725,205,166
205,7,5976,70,98
58,33,11472,65,65
66,4,4032,32,39
65,23,21685,80,84
66,5,4220,64,80
96,11,86820,44,44
205,8,12594,29,29
66,6,5044,48,62
65,24,11525,115,139
58,34,13496,170,177
66,7,4317,50,44
205,9,6034,60,85
66,8,4420,93,94
110,5,39778,78,80
66,9,5007,96,85
205,10,11118,40,44
58,35,16425,50,40
66,10,4970,63,77
93,17,126992,165,165
99,14,78192,134,112
66,11,4195,140,226
66,12,4281,32,29
58,36,21481,55,51
205,11,27027,95,94
72,18,92566,147,139
79,1,10576,30,37
73,1,37666,20,37
205,12,18404,55,62
93,18,39197,68,69
75,13,26156,42,41
73,2,6120,50,73
79,2,17482,50,73
73,3,7303,40,29
81,21,133244,115,128
79,3,10192,99,98
96,12,107488,80,80
73,4,7425,120,80
75,14,24856,120,112
73,5,7804,40,44
79,4,9556,57,77
99,15,96989,164,165
72,19,62504,75,71
73,6,4703,80,77
73,7,6054,110,94
79,5,13651,29,29
75,15,33012,100,109
100,15,256480,166,166
73,8,8616,100,85
73,9,6113,75,62
75,16,16807,80,79
73,10,5841,180,226
206,1,23411,35,37
81,22,72321,100,139
73,11,6082,75,98
79,6,27496,32,80
93,19,105249,139,139
105,1,52039,34,37
99,16,49634,81,79
73,12,4407,20,39
67,25,17965,31,36
75,17,25396,120,128
79,7,6605,65,62
67,26,16686,64,85
79,8,8263,76,94
67,27,7636,33,51
105,2,36549,74,73
75,18,24382,125,139
206,2,40667,71,73
79,9,7403,258,226
69,25,46208,36,36
100,16,85206,59,60
67,28,11246,125,129
207,1,23565,38,37
69,26,7899,50,85
75,19,22015,66,69
79,10,17329,40,39
67,29,15012,85,103
81,23,78351,115,109
76,25,14732,20,36
99,17,74871,110,109
105,3,37790,62,62
80,1,35864,36,37
69,27,13262,150,177
76,26,4730,65,85
92,13,85363,40,41
75,20,26064,130,165
206,3,52813,63,62
67,30,20593,168,177
69,28,15582,75,76
79,11,16456,50,44
93,20,86235,77,79
208,1,45601,38,37
105,4,26598,80,98
99,18,36435,61,60
81,24,40547,69,60
67,31,19657,200,193
92,14,25546,117,112
75,21,26457,90,84
80,2,37686,73,73
69,29,26544,46,51
79,12,26900,75,85
67,32,12285,26,27
98,1,46438,50,37
75,22,21211,70,71
80,3,11374,135,226
100,17,97537,71,71
67,33,10591,71,114
105,5,21998,39,39
117,1,49199,38,37
69,30,25491,39,40
92,15,38100,147,165
208,2,47900,72,73
67,34,9731,50,76
98,2,12281,67,73
206,4,69712,79,80
76,27,84866,140,129
74,13,23348,15,41
209,1,26734,25,37
105,6,9070,84,94
75,23,28589,135,166
80,4,29449,150,80
67,35,13571,45,40
74,14,4438,98,112
69,31,20012,90,103
206,5,8936,155,226
98,3,6659,77,94
92,16,22129,100,84
209,2,7997,87,73
208,3,23798,40,39
69,32,8530,130,193
89,1,42762,40,37
206,6,9457,60,77
105,7,21846,211,226
75,24,24329,62,60
98,4,7734,88,85
117,2,33988,77,73
69,33,6267,50,65
74,15,23624,72,60
76,28,33683,73,76
67,36,25152,60,65
99,19,94717,178,166
125,1,23340,35,37
206,7,9515,80,98
209,3,15594,80,98
69,34,6130,120,129
89,2,10832,80,73
80,5,40039,60,62
98,5,14041,143,226
74,16,15993,80,69
209,4,7977,65,85
92,17,43237,120,109
206,8,15139,80,94
74,17,4508,110,128
69,35,17335,27,27
209,5,4379,80,94
93,21,132792,166,166
76,29,30539,50,51
208,4,43862,78,77
98,6,11048,41,39
74,18,4508,92,109
105,8,39220,83,85
69,36,6921,120,114
206,9,8873,50,44
89,3,26819,210,226
209,6,10110,40,44
72,20,329030,173,166
74,19,12304,95,79
98,7,8987,93,77
125,2,26407,78,73
117,3,46676,67,62
100,18,113588,67,69
74,20,4132,120,139
209,7,6742,75,62
92,18,33099,75,60
99,20,58490,132,128
74,21,4242,75,71
80,6,50962,88,94
89,4,17479,32,29
105,9,14032,65,80
74,22,4486,125,166
98,8,17554,29,29
209,8,11959,70,77
206,10,33430,35,39
125,3,14322,30,29
74,23,4492,75,84
110,6,492543,97,94
89,5,13138,43,39
74,24,4468,145,165
76,30,54358,113,114
80,7,24346,39,39
72,21,42500,68,69
98,9,12818,66,62
206,11,10678,70,85
208,5,63401,83,85
80,8,4941,80,98
92,19,36672,70,69
209,9,14359,28,29
210,1,43732,38,37
89,6,15169,50,44
117,4,47682,68,94
76,31,19741,40,40
80,9,8647,80,77
209,10,5715,30,39
98,10,15412,98,80
101,1,35333,45,37
105,10,41166,77,77
93,22,81438,108,109
209,11,8470,150,226
125,4,33215,75,77
76,32,13660,27,27
208,6,26236,43,44
86,25,46572,36,36
89,7,22274,80,77
109,1,34343,36,37
210,2,21346,64,73
209,12,5410,70,80
80,10,22928,45,44
98,11,22221,123,98
105,11,21655,44,44
99,21,77676,141,139
206,12,43640,29,29
80,11,16410,29,29
86,26,18740,85,85
92,20,52821,117,166
105,12,13151,29,29
72,22,67177,110,109
89,8,26220,115,94
210,3,20098,29,29
80,12,4141,65,85
101,2,19527,60,73
132,1,48285,38,37
98,12,19971,46,44
93,23,37779,60,60
101,3,6774,83,80
78,13,15311,40,41
100,19,128917,84,84
99,22,33787,71,69
117,5,71753,104,98
76,33,52357,103,103
78,14,5013,90,112
208,7,59698,100,94
132,2,18672,80,73
89,9,31287,130,98
101,4,10662,30,29
125,5,29393,60,62
78,15,16828,150,166
86,27,56477,101,103
101,5,10102,67,62
78,16,4909,100,109
210,4,37267,74,77
89,10,22211,125,80
92,21,68673,147,128
78,17,4385,110,139
132,3,26321,30,29
84,1,15900,35,37
78,18,7589,65,69
208,8,45383,66,80
101,6,17581,87,98
211,1,28570,36,37
99,23,62755,73,71
117,6,58427,88,85
84,2,7668,69,73
78,19,8428,70,71
89,11,19283,75,62
93,24,69246,132,128
84,3,7141,78,85
78,20,9770,65,84
101,7,14871,62,85
83,25,28193,38,36
92,22,32912,90,71
132,4,21938,62,62
89,12,15427,98,85
209,1,4773,40,37
78,21,7896,55,60
76,34,92702,188,193
101,8,7307,110,226
84,4,7668,25,29
209,2,4848,80,73
211,2,27813,78,73
83,26,14051,80,85
78,22,6879,75,79
209,3,5523,50,44
84,5,7991,140,226
86,28,67901,115,129
125,6,53277,98,94
208,9,46601,95,98
117,7,39019,45,44
101,9,8180,43,77
78,23,4260,90,128
209,4,4847,90,77
212,13,59473,41,41
82,1,25853,36,37
84,6,6076,135,98
92,23,33628,134,139
83,27,16313,100,114
78,24,5047,130,165
76,35,29492,72,65
209,5,8712,80,62
87,13,25792,50,41
84,7,4646,87,77
82,2,5362,72,73
117,8,17783,250,226
213,1,33340,35,37
209,6,4457,40,29
132,5,45642,100,98
99,24,65410,84,84
101,10,19709,42,44
84,8,4573,45,62
87,14,5541,100,112
209,7,4820,35,39
82,3,7389,72,85
83,28,16245,45,51
72,23,159923,160,165
84,9,4702,50,44
209,8,4442,80,85
208,10,34971,68,62
92,24,24647,70,79
82,4,5292,98,98
87,15,8920,80,71
212,14,32562,92,112
209,9,4529,230,226
84,10,5121,37,39
211,3,53760,85,80
82,5,6207,44,94
83,29,15031,55,65
101,11,23227,40,39
213,2,29450,78,73
209,10,4433,80,94
88,25,32595,50,36
208,11,11289,100,226
132,6,26934,75,77
84,11,8553,108,94
82,6,4297,40,44
212,15,11209,101,165
209,11,4429,80,80
86,29,61734,111,114
88,26,5411,100,85
110,7,276062,95,98
82,7,5158,55,62
211,4,19568,44,44
84,12,6366,79,80
209,12,4882,90,98
76,36,53565,165,177
101,12,11109,57,94
208,12,15028,41,29
83,30,20441,115,129
117,9,56718,40,39
82,8,17013,36,39
100,20,203769,166,165
210,5,41528,84,85
86,30,25007,51,51
213,3,33904,63,62
82,9,5637,144,226
83,31,15867,96,103
72,24,66580,82,79
211,5,36502,96,98
132,7,47579,91,94
82,10,11745,30,29
134,1,29854,38,37
87,16,69196,62,60
118,13,33240,35,41
210,6,20325,88,98
82,11,7724,72,80
88,27,56261,105,103
87,17,6464,80,69
212,16,60363,90,79
117,10,44217,29,29
86,31,35060,68,65
82,12,5339,105,77
118,14,8228,85,112
211,6,26161,180,226
87,18,6895,115,128
212,17,6515,76,109
210,7,15314,96,94
87,19,7092,68,79
88,28,22484,41,40
132,8,35800,85,85
134,2,32232,73,73
110,8,92711,338,226
87,20,8654,90,84
117,11,25451,97,80
118,15,28856,60,60
211,7,33331,83,85
111,13,32265,36,41
87,21,15162,155,139
211,8,14817,30,29
87,22,7676,90,109
212,18,49798,72,69
210,8,23741,44,44
117,12,27295,77,77
134,3,32383,85,85
118,16,32715,82,71
91,13,23343,65,41
87,23,5946,150,165
100,21,116442,120,128
212,19,12963,107,166
88,29,60184,115,114
110,9,46387,80,77
132,9,56325,83,80
91,14,8476,120,112
87,24,10691,180,166
210,9,19829,95,80
83,32,124927,43,40
211,9,37136,88,94
91,15,10720,95,71
88,30,16060,27,27
132,10,18245,44,44
118,17,33698,84,84
86,32,107416,180,177
134,4,34422,85,80
91,16,5736,88,84
111,14,65410,98,112
110,10,28406,62,62
210,10,26766,39,39
106,1,30710,30,37
211,10,22558,62,62
83,33,25178,27,27
212,20,43201,60,60
91,17,9787,125,139
109,2,13799,67,73
125,7,50345,99,98
91,18,7105,140,166
88,31,31815,201,177
86,33,25264,27,27
212,21,13272,90,139
211,11,19206,39,39
134,5,27202,62,62
111,15,27689,150,165
88,32,13320,184,193
91,19,17935,180,165
125,8,26489,43,44
110,11,41363,88,85
83,34,35865,225,193
132,11,51536,200,226
106,2,6048,55,73
210,11,38810,200,226
91,20,5417,35,69
211,12,28498,77,77
91,21,8414,125,128
110,12,19579,41,39
91,22,4929,80,79
90,25,21734,40,36
106,3,9006,30,39
111,16,27476,50,71
88,33,30961,54,51
125,9,25466,40,39
91,23,6862,50,60
132,12,31172,39,39
106,4,6233,40,29
90,26,14155,77,85
91,24,7110,88,109
106,5,4823,80,77
212,22,73312,92,84
210,12,51504,62,62
134,6,72697,250,226
111,17,29096,115,139
90,27,13732,92,65
106,6,5881,120,98
83,35,66657,78,76
88,34,44805,79,76
100,22,162737,145,139
106,7,5007,100,94
214,1,47754,42,37
86,34,107824,195,193
90,28,16504,50,51
125,10,50950,82,85
106,8,6773,70,85
111,18,23457,82,79
94,25,12214,50,36
83,36,20894,147,177
106,9,5910,120,226
90,29,16254,200,177
94,26,9271,90,85
109,3,143595,78,98
86,35,17808,37,40
162,1,29165,35,37
212,23,52118,69,71
106,10,5606,75,80
118,18,81062,67,69
94,27,6608,80,65
100,23,40005,78,79
111,19,24044,64,60
109,4,14050,40,39
103,1,47523,40,37
94,28,4713,130,177
212,24,10879,102,128
90,30,21919,110,103
106,11,11077,30,44
215,25,11437,32,36
106,12,4518,45,62
134,7,75669,80,94
94,29,10729,160,193
215,26,4966,52,85
103,2,4632,75,73
111,20,20872,75,69
90,31,10886,25,27
109,5,19489,80,85
86,36,39168,74,76
103,3,4743,65,77
88,35,79466,69,65
109,6,5982,220,226
94,30,6260,120,76
214,2,65616,71,73
90,32,13392,42,40
162,2,43274,73,73
103,4,6664,85,98
109,7,11917,29,29
94,31,5504,130,114
126,13,34548,44,41
95,25,12171,47,36
125,11,88483,230,226
103,5,5630,55,62
111,21,29181,98,84
94,32,7063,120,129
107,25,17924,75,36
95,26,4219,69,85
103,6,7495,225,226
100,24,73363,111,109
107,26,4579,75,85
90,33,23896,99,114
109,8,23473,66,62
103,7,5877,40,44
118,19,68157,158,166
95,27,4478,118,193
94,33,5336,90,103
134,8,60853,100,98
162,3,33221,29,29
103,8,4560,60,85
88,36,58846,132,129
95,28,9589,55,51
103,9,6872,80,80
125,12,33727,83,80
94,34,10737,40,40
90,34,21630,120,129
111,22,38629,117,128
109,9,27232,77,77
95,29,4356,85,103
97,25,13922,40,36
103,10,5935,25,29
214,3,53717,30,29
107,27,36980,110,129
97,26,5664,70,85
103,11,6543,35,39
95,30,8208,68,65
134,9,24944,29,29
94,35,14688,65,51
109,10,17137,76,80
103,12,4673,80,94
90,35,21305,156,193
97,27,6750,110,103
95,31,6913,82,76
126,14,42387,54,112
109,11,6701,100,94
94,36,12781,28,27
115,25,80118,36,36
97,28,12615,90,76
95,32,8479,32,27
111,23,38329,152,166
118,20,66097,137,139
97,29,4439,70,65
90,36,20533,69,76
109,12,16399,45,44
95,33,7814,40,40
134,10,34486,79,77
162,4,77038,93,94
97,30,15261,180,193
104,25,10679,35,36
95,34,7847,95,129
104,26,5681,75,85
97,31,5710,130,177
95,35,5233,130,177
111,24,28481,96,109
134,11,19936,41,39
115,26,38465,85,85
107,28,71453,130,177
130,1,43789,35,37
95,36,4570,140,114
214,4,70125,80,94
104,27,14661,75,65
113,13,34354,28,41
97,32,17799,27,27
118,21,49326,122,128
104,28,5474,65,51
126,15,68895,135,128
162,5,33684,39,39
97,33,6072,170,129
104,29,4458,120,103
113,14,11339,102,112
134,12,26971,44,44
130,2,27790,75,73
201,1,55821,36,37
97,34,17534,41,40
115,27,38504,65,65
107,29,49976,51,51
113,15,15493,82,79
126,16,39230,70,71
97,35,16967,49,51
113,16,8721,120,165
115,28,22003,40,40
214,5,59899,7722,62
130,3,35079,78,77
97,36,14263,100,114
113,17,9352,130,109
118,22,69303,168,165
113,18,15752,135,166
107,30,47909,85,76
201,2,49592,66,73
126,17,40806,65,69
130,4,20495,43,44
113,19,10937,58,69
201,3,14518,87,94
208,1,32172,37,37
118,23,40201,102,109
102,25,8065,30,36
130,5,19110,110,226
113,20,13702,115,139
102,26,4846,50,85
162,6,126538,101,98
113,21,11193,78,84
201,4,23335,39,39
126,18,40536,83,84
102,27,12371,27,27
102,28,4144,80,114
107,31,57739,175,193
118,24,34383,75,79
113,22,13197,52,60
102,29,4512,80,65
201,5,7494,94,77
102,30,4527,80,76
130,6,36189,29,29
102,31,4389,130,129
113,23,10130,83,128
201,6,6462,69,62
102,32,4495,160,193
107,32,19322,27,27
162,7,44340,64,62
201,7,6789,88,98
113,24,11652,50,71
102,33,16479,40,40
119,13,24945,45,41
102,34,4782,130,177
107,33,19861,40,40
102,35,4447,90,103
208,2,92089,78,73
130,7,36610,84,80
201,8,14992,28,29
102,36,4879,60,51
119,14,15537,64,112
126,19,73973,160,166
115,29,158836,172,193
201,9,7438,105,226
104,30,218178,110,76
216,25,16353,32,36
130,8,15184,36,39
201,10,4150,87,85
216,26,6072,87,85
104,31,11154,28,27
216,27,4145,90,103
126,20,26598,60,60
162,8,58098,77,77
208,3,34715,122,226
201,11,8310,55,44
107,34,48162,103,103
216,28,5969,30,40
104,32,11740,40,40
119,15,39345,130,165
115,30,33806,52,51
216,29,6353,87,76
116,25,23335,36,36
104,33,12165,85,129
130,9,39606,85,85
119,16,15139,60,69
201,12,28319,77,80
115,31,14632,27,27
104,34,6032,140,193
108,25,5013,30,36
216,30,21808,70,51
108,26,5062,120,85
107,35,38221,104,114
104,35,7708,145,114
116,26,20901,65,85
216,31,4274,68,65
119,17,20951,75,84
108,27,5094,120,129
216,32,5545,134,177
104,36,7447,155,177
130,10,24429,61,62
108,28,4466,160,193
126,21,64775,134,139
216,33,4482,199,193
162,9,61384,78,80
108,29,5095,30,40
119,18,17878,80,79
216,34,4563,130,129
108,30,4555,75,76
116,27,24085,51,51
108,31,4693,100,51
115,32,46227,73,76
108,32,4195,80,65
107,36,46160,67,65
162,10,26750,44,44
130,11,34853,82,94
108,33,4611,150,177
216,36,13046,95,114
119,19,32533,140,128
108,34,8565,30,27
170,13,92994,42,41
108,35,4324,90,103
108,36,5192,130,114
126,22,70601,158,165
119,20,34512,130,166
130,12,50675,91,98
116,28,67583,149,177
115,33,74159,130,129
119,21,11985,55,60
126,23,36366,80,79
170,14,63509,110,112
119,22,23812,100,109
131,1,45686,36,37
116,29,41326,167,65
116,30,7008,160,193
123,13,25476,40,41
119,23,36036,125,139
131,2,28828,65,73
116,31,5789,135,114
115,34,70181,113,114
123,14,6339,85,112
119,24,13665,75,71
162,11,150897,219,226
126,24,70847,103,109
123,15,8917,93,79
116,32,18631,42,40
123,16,8144,80,84
170,15,79656,97,84
123,17,8787,88,139
131,3,44792,100,98
116,33,27070,99,129
123,18,12832,73,71
115,35,64016,171,177
162,12,54420,83,85
131,4,23421,77,80
123,19,14182,60,69
133,13,26377,41,41
127,13,39175,45,41
123,20,9649,87,109
116,34,41910,89,103
127,14,12638,85,112
163,1,44302,38,37
123,21,11136,60,60
131,5,34336,165,226
127,15,7741,35,71
217,25,13358,20,36
115,36,58014,114,103
217,26,6749,50,85
123,22,21919,130,166
217,27,4456,50,103
116,35,36013,68,76
127,16,8269,54,60
122,25,29745,40,36
217,28,7887,35,76
123,23,7745,145,165
131,6,34726,62,62
127,17,7049,75,84
116,36,13836,30,27
123,24,6185,95,128
127,18,8146,190,165
121,25,16190,36,36
163,2,26055,80,73
122,26,22970,70,85
127,19,8751,190,166
121,26,10957,60,85
131,7,32527,80,85
127,20,7709,85,109
157,13,44187,43,41
133,14,24532,94,112
163,3,19191,45,44
127,21,8315,95,79
157,14,10215,55,112
133,15,7715,125,128
121,27,30175,65,65
127,22,7763,65,69
121,28,5294,110,129
133,16,6299,215,166
127,23,10005,120,128
133,17,5651,65,71
127,24,6732,190,139
163,4,33293,88,80
133,18,5581,76,84
122,27,8711,80,129
121,29,30886,70,76
180,1,67243,36,37
170,16,232156,146,128
131,8,70039,40,44
133,19,7297,60,60
121,30,4473,150,193
157,15,49064,77,79
122,28,6802,70,76
131,9,6139,76,94
133,20,5964,92,139
163,5,17823,38,39
121,31,11037,27,27
131,10,16024,50,39
122,29,19076,40,40
131,11,5367,63,77
122,30,4598,80,193
163,6,13345,29,29
133,21,21530,84,109
121,32,27782,51,51
181,1,77096,36,37
122,31,5063,50,65
180,2,42892,76,73
131,12,16333,29,29
121,33,5041,100,114
133,22,5164,76,79
174,1,43709,37,37
121,34,4622,110,103
122,32,5135,60,114
133,23,7811,116,165
121,35,4332,130,177
122,33,4317,20,27
163,7,18410,88,94
133,24,5789,80,69
122,34,4863,40,103
129,13,25353,40,41
122,35,4558,120,177
121,36,17356,42,40
129,14,4616,100,112
180,3,39083,29,29
122,36,8422,40,51
129,15,13644,170,139
157,16,104329,158,165
218,1,33194,25,37
181,2,43339,74,73
140,25,26621,37,36
163,8,28532,78,77
129,16,10942,65,71
218,2,11164,55,73
129,17,6007,145,128
174,2,28118,73,73
129,18,4618,70,69
218,3,9750,130,94
129,19,4763,150,166
163,9,24741,55,62
146,13,38812,39,41
129,20,4262,75,79
181,3,30077,42,44
219,13,47475,41,41
220,1,75303,37,37
218,4,11533,75,62
140,26,45175,85,85
129,21,9843,145,165
157,17,51352,84,84
146,14,11619,88,112
170,17,180500,167,166
129,22,5449,95,109
128,25,6813,25,36
218,5,10483,65,39
174,3,18940,39,44
128,26,5427,75,85
181,4,16528,29,29
129,23,11592,55,60
146,15,14231,85,79
128,27,6794,190,193
163,10,40653,210,226
218,6,10956,45,44
180,4,96729,76,77
128,28,4796,73,65
176,1,30788,36,37
128,29,4998,91,76
129,24,21007,75,84
218,7,10006,180,226
220,2,42630,73,73
219,14,52969,80,112
128,30,5578,64,51
140,27,52678,101,103
146,16,24862,94,109
128,31,6427,175,177
218,8,8166,100,80
170,18,49641,60,60
128,32,7229,155,129
174,4,53220,85,80
163,11,35281,96,98
220,3,24448,39,39
128,33,5428,113,103
218,9,14736,34,29
176,2,33577,70,73
140,28,28232,51,51
128,34,4568,47,40
145,13,23411,42,41
146,17,33473,64,71
128,35,4391,33,27
220,4,10074,100,98
219,15,42249,72,84
145,14,5704,110,112
181,5,73754,80,80
128,36,6217,140,114
218,10,15804,55,77
135,1,24501,40,37
157,18,99494,145,139
155,1,42304,34,37
219,16,9095,70,165
220,5,13591,80,77
155,2,5132,50,73
135,2,7953,70,73
218,11,13173,70,98
161,1,36887,36,37
163,12,40906,87,85
219,17,7220,50,109
170,19,59639,79,79
176,3,35820,63,62
146,18,31318,56,60
140,29,41807,76,76
135,3,4876,87,98
155,3,13004,50,85
181,6,19641,39,39
145,15,27147,115,128
150,1,46167,30,37
219,18,5263,80,166
220,6,17512,100,80
218,12,10697,80,85
155,4,5098,80,77
135,4,5710,102,94
141,1,20041,45,37
219,19,4819,90,128
135,5,4398,78,44
146,19,14152,61,69
174,5,67246,82,77
135,6,4597,123,226
155,5,9878,35,44
150,2,6109,50,73
157,19,47178,62,60
219,20,6170,40,79
141,2,6590,48,73
220,7,13617,29,29
155,6,4778,200,226
176,4,19908,38,39
135,7,5436,22,29
145,16,27594,65,71
146,20,14100,108,139
150,3,7361,80,94
219,21,6078,50,69
141,3,7311,70,85
135,8,4544,66,85
181,7,36170,60,62
180,5,135808,250,226
155,7,7466,45,62
150,4,6532,170,226
153,1,24316,37,37
135,9,4429,74,80
219,22,6425,40,71
141,4,5198,110,98
155,8,4449,60,94
161,2,51344,73,73
220,8,25494,58,62
146,21,17380,149,166
138,25,26509,36,36
135,10,6000,28,39
155,9,4412,100,98
145,17,22755,75,69
219,23,6793,30,60
141,5,8019,29,29
150,5,12797,35,39
174,6,42309,84,85
155,10,4469,100,80
135,11,8431,98,77
153,2,16552,80,73
219,24,4947,100,139
150,6,6396,70,98
135,12,4383,98,62
139,25,36417,36,36
141,6,11455,120,77
220,9,21532,44,44
176,5,44521,82,80
137,25,19051,40,36
150,7,6039,80,80
155,11,12342,38,39
146,22,23081,138,165
148,13,37473,30,41
141,7,4592,35,39
220,10,5750,100,226
159,13,28077,41,41
150,8,5036,30,44
181,8,42389,99,94
180,6,43366,44,44
148,14,4261,120,112
138,26,35824,99,85
145,18,33935,200,165
141,8,6256,179,226
140,30,95039,170,177
155,12,10649,28,29
137,26,15222,82,85
150,9,5452,70,77
146,23,14723,139,128
157,20,75943,114,109
153,3,31565,85,98
141,9,5518,179,94
174,7,33672,62,62
148,15,4296,140,139
176,6,15087,29,29
150,10,6824,90,85
138,27,12927,27,27
140,31,13183,27,27
141,10,8265,36,44
136,25,12638,36,36
161,3,58626,77,77
150,11,4331,60,62
148,16,9651,230,166
153,4,13046,44,44
152,25,39912,41,36
139,26,38845,78,85
137,27,22430,72,76
174,8,13750,29,29
148,17,4710,36,60
150,12,8580,20,29
136,26,9509,68,85
141,11,14279,77,62
220,11,40667,85,94
145,19,35487,80,84
140,32,19023,40,40
181,9,41464,75,85
148,18,7504,60,84
220,12,8529,75,85
159,14,57279,112,112
141,12,12639,80,80
176,7,39352,77,77
148,19,5140,250,165
138,28,37157,104,114
146,24,44232,88,84
136,27,21092,50,51
180,7,62126,84,85
137,28,29372,125,129
153,5,14477,57,62
157,21,52645,70,71
145,20,23544,95,109
148,20,8514,45,69
152,26,37629,87,85
138,29,19656,40,40
176,8,20247,44,44
148,21,6810,60,109
139,27,44526,67,65
137,29,14217,55,51
174,9,50584,93,94
145,21,21212,79,79
153,6,23824,39,39
136,28,25500,63,65
181,10,40419,76,77
159,15,42299,79,79
161,4,78814,97,98
138,30,26556,52,51
137,30,22639,110,114
174,10,17578,120,226
140,33,72015,120,114
145,22,21387,110,166
153,7,21176,80,77
157,22,47415,70,69
152,27,44866,69,65
185,13,30304,41,41
176,9,40467,83,85
137,31,11867,28,27
221,1,65454,36,37
148,22,47052,56,71
180,8,67216,39,39
143,25,28785,38,36
151,1,61102,45,37
153,8,23999,90,94
148,23,8015,89,128
145,23,26788,60,60
139,28,56628,107,103
161,5,35817,62,62
181,11,48405,110,226
159,16,50652,107,109
138,31,41585,163,177
148,24,5795,67,79
153,9,15797,80,85
143,26,18493,78,85
151,2,17550,50,73
139,29,9725,115,193
137,32,41312,155,177
145,24,20329,60,139
153,10,7924,27,29
136,29,13992,96,177
139,30,8043,87,114
143,27,16173,40,40
138,32,29214,132,129
137,33,14287,41,40
136,30,6166,136,193
185,14,63094,98,112
139,31,6866,85,129
151,3,19751,39,39
161,6,42772,80,80
140,34,77423,130,129
149,25,12064,40,36
170,20,297390,163,165
136,31,6110,23,40
185,15,5451,112,165
152,28,73375,182,177
159,17,48532,124,128
221,2,58679,72,73
137,34,18246,65,65
133,1,31318,35,37
161,7,7780,80,85
174,11,19599,40,39
149,26,5517,74,85
136,32,5350,76,114
143,28,20855,90,103
176,10,91126,195,226
153,11,41468,200,226
139,32,17760,47,40
136,33,5153,109,129
161,8,6833,90,94
133,2,5895,65,73
181,12,61013,97,98
151,4,27571,69,85
138,33,35881,68,65
143,29,11953,27,27
136,34,4919,87,76
166,13,33419,35,41
221,3,23420,39,39
136,35,4974,98,103
153,12,19005,80,80
159,18,34408,71,71
139,33,15069,27,27
180,9,101357,80,80
185,16,40510,71,69
137,35,35439,170,193
151,5,17927,44,44
136,36,7019,35,27
143,30,18935,87,114
161,9,27948,195,226
139,34,7170,111,177
157,23,133907,153,166
174,12,45036,98,98
185,17,8079,110,139
138,34,32671,78,76
166,14,26229,110,112
151,6,8409,132,226
143,31,6795,150,193
185,18,5207,96,109
152,29,60909,152,129
138,35,5732,118,193
137,36,25018,100,103
176,11,55155,90,98
161,10,17962,44,44
149,27,65523,98,103
139,35,12109,65,51
151,7,10623,78,77
159,19,40583,84,84
158,25,29004,36,36
149,28,6699,165,177
143,32,23259,70,65
139,36,7940,72,76
185,19,25686,62,71
142,25,9473,35,36
140,35,96341,177,193
151,8,13223,67,62
166,15,29974,60,69
149,29,4874,180,193
138,36,27130,106,103
143,33,6004,120,129
142,26,5240,56,85
185,20,7095,60,79
152,30,32406,54,51
161,11,22752,39,39
151,9,10802,84,80
221,4,71280,62,62
147,25,20928,38,36
142,27,5764,35,51
180,10,65637,62,62
185,21,7588,112,128
144,25,31318,36,36
176,12,44324,91,94
142,28,4502,31,27
185,22,6552,190,166
143,34,21389,51,51
222,1,56047,37,37
151,10,12046,124,94
161,12,17940,29,29
144,26,4773,100,85
140,36,31166,64,65
142,29,5188,63,65
166,16,24195,55,60
185,23,4627,55,84
151,11,8511,83,98
142,30,4530,127,129
158,26,54380,82,85
144,27,5937,150,177
133,3,118871,67,77
149,30,42052,66,65
147,26,29384,82,85
185,24,7006,52,60
142,31,4664,98,103
144,28,4312,120,129
143,35,20150,110,177
157,24,96760,137,128
147,27,7877,66,76
142,32,6047,35,40
152,31,48537,114,103
151,12,16301,30,29
133,4,4622,74,80
222,2,16334,70,73
159,20,80728,165,166
158,27,19252,27,27
142,33,4150,215,193
170,21,166267,138,139
166,17,28088,65,71
149,31,18076,27,27
221,5,48784,81,80
144,29,20283,39,40
142,34,5165,63,76
147,28,20657,56,51
144,30,4280,120,193
142,35,4377,85,114
133,5,19423,29,29
147,29,4138,128,193
143,36,28787,75,76
142,36,4674,175,177
152,32,26886,42,40
159,21,30396,60,60
133,6,5807,215,226
147,30,6775,62,65
144,31,11952,27,27
147,31,4918,142,177
166,18,30037,70,84
133,7,6500,86,98
149,32,30762,40,40
158,28,40312,66,65
144,32,10380,49,65
221,6,37110,29,29
147,32,12202,27,27
180,11,100974,94,94
152,33,31673,28,27
147,33,9191,98,129
222,3,62314,100,98
169,1,16318,42,37
144,33,20755,53,51
144,34,4488,80,103
147,34,11887,98,114
149,33,32878,51,51
169,2,6678,55,73
166,19,39432,95,109
144,35,4420,62,114
222,4,11790,200,226
158,29,47165,76,76
144,36,4911,150,76
169,3,8765,38,39
182,1,41257,36,37
147,35,19892,40,40
149,34,8490,178,114
133,8,5815,78,94
169,4,8107,72,77
159,22,87220,138,139
221,7,65599,43,44
149,35,13226,120,76
158,30,29575,40,40
147,36,22685,108,103
167,25,22839,37,36
170,22,130853,70,71
164,13,38886,42,41
160,13,41582,40,41
133,9,19688,37,39
149,36,14974,120,129
222,5,51226,77,77
169,5,28382,44,44
180,12,91489,94,98
152,34,81740,205,193
133,10,5198,42,62
182,2,42428,76,73
133,11,5252,76,85
159,23,39936,68,69
169,6,8709,31,29
160,14,20494,105,112
166,20,81223,140,139
167,26,36683,85,85
164,14,21727,120,112
222,6,27989,29,29
156,13,12631,32,41
169,7,11784,79,80
160,15,14898,90,84
133,12,8929,48,44
154,25,13841,30,36
164,15,8226,140,166
169,8,8288,83,98
154,26,13669,68,85
156,15,10221,135,165
160,16,14758,70,60
167,27,32732,77,76
221,8,91010,76,77
156,16,5894,42,69
156,17,6625,100,109
169,9,10011,50,62
166,21,51872,155,166
154,27,19104,95,114
222,7,49804,81,80
160,17,18218,170,165
164,16,30549,56,60
152,35,82203,122,114
156,18,4888,200,166
182,3,73174,60,62
158,31,115299,175,177
169,10,6702,120,226
164,17,8372,125,139
156,19,12590,85,84
160,18,16942,145,128
154,28,20325,155,177
159,24,89510,163,165
179,1,47472,36,37
222,8,20974,44,44
156,20,4644,75,71
169,11,9897,101,94
154,29,10204,56,51
167,28,54291,111,114
156,21,6329,60,60
160,19,14416,120,109
164,18,20797,52,69
169,12,11481,68,85
156,22,4717,80,79
167,29,16407,39,40
170,23,147936,108,109
160,20,10315,70,69
156,23,4624,140,139
179,2,30451,55,73
156,24,7042,160,128
165,13,21406,41,41
152,36,52211,78,76
160,21,13204,140,139
164,19,22083,75,79
165,14,5876,123,112
223,25,4344,40,36
154,30,35666,25,27
158,32,73081,119,114
222,9,54130,92,94
223,26,4426,60,85
160,22,16662,85,79
223,27,8853,45,51
221,9,115213,96,94
171,13,65290,40,41
182,4,90834,200,226
223,28,4411,160,129
179,3,32931,78,80
160,23,10387,70,71
167,30,53369,128,129
223,29,4903,60,65
154,31,28268,125,193
164,20,35286,66,71
223,30,5543,90,103
154,32,6502,30,40
170,24,63415,68,69
166,22,122648,170,165
223,31,4402,180,177
160,24,18250,155,166
154,33,4992,60,65
164,21,8359,95,109
154,34,4642,70,76
222,10,48000,88,85
223,32,11336,35,40
179,4,31973,76,85
154,35,5341,89,103
223,33,4346,210,193
171,14,36422,115,112
154,36,5165,120,129
223,34,7115,50,76
158,33,69362,102,103
165,15,45495,68,69
223,35,5340,110,114
182,5,55345,83,85
222,11,22352,39,39
223,36,9826,28,27
167,31,72977,166,177
221,10,80829,84,85
165,16,23134,80,71
179,5,44678,61,62
166,23,63284,135,128
167,32,11278,27,27
164,22,57399,165,84
182,6,36486,80,80
171,15,61474,109,109
164,23,6496,95,128
165,17,25962,86,84
222,12,51146,61,62
164,24,5286,140,165
179,6,32863,128,226
158,34,73902,135,129
166,24,37302,85,79
167,33,45720,103,103
182,7,32237,44,44
165,18,32885,98,128
168,25,34377,34,36
167,34,22784,50,51
182,8,18695,29,29
171,16,50518,144,139
168,26,4902,98,85
158,35,59025,145,193
179,7,58080,95,98
182,9,21553,39,39
187,1,69431,37,37
165,19,43990,76,79
168,27,38342,70,65
165,20,17869,99,109
158,36,25666,51,51
221,11,140999,166,226
167,35,72718,191,193
171,17,68980,70,71
168,28,27144,39,40
187,2,28874,75,73
182,10,48827,76,77
179,8,43219,84,94
175,13,25234,45,41
165,21,35489,60,60
168,29,16626,27,27
165,22,7987,129,165
167,36,30572,64,65
175,14,15340,85,112
179,9,22653,29,29
165,23,13691,160,166
171,18,47372,898,84
179,10,23667,37,39
175,15,27266,80,79
168,30,40229,124,129
165,24,18562,102,139
182,11,60696,95,98
187,3,68637,210,226
179,11,22028,44,44
171,19,20594,92,79
175,16,30132,80,71
221,12,101800,94,98
186,13,44901,43,41
168,31,34144,187,177
171,20,29641,210,165
175,17,34524,135,165
187,4,39422,98,98
186,14,42432,85,112
171,21,17442,165,166
168,32,47553,119,114
182,12,75534,91,94
179,12,60044,75,77
175,18,19690,120,166
187,5,15542,28,29
171,22,18473,68,69
175,19,28257,78,84
171,23,17315,59,60
187,6,27047,63,62
186,15,55089,82,84
175,20,33503,138,139
171,24,29024,135,128
168,33,75910,131,103
187,7,44998,88,85
175,21,32797,66,69
168,34,30515,51,51
186,16,71307,80,71
175,22,36478,65,60
168,35,50489,83,76
175,23,17554,135,128
187,8,68312,99,94
186,17,43629,83,79
175,24,32725,125,109
187,9,22456,39,39
168,36,38841,154,193
187,10,36142,81,80
186,18,64470,125,109
187,11,23846,43,44
172,25,14465,30,36
173,25,25561,36,36
172,26,4500,80,85
186,19,44069,64,69
172,27,12344,27,27
172,28,9136,135,193
187,12,51618,78,77
173,26,34907,84,85
172,29,20354,52,51
173,27,26819,49,51
186,20,65373,142,128
172,30,20182,94,103
172,31,6882,125,177
173,28,30761,96,114
186,21,44739,66,60
172,32,27334,65,65
172,33,9709,90,114
172,34,23534,65,76
173,29,60931,210,193
133,25,7886,34,36
172,35,16692,41,40
133,26,4789,54,85
173,30,19827,41,40
133,27,9942,27,27
186,22,90179,161,166
133,28,12307,106,114
172,36,31248,95,129
173,31,20194,85,129
133,29,7481,154,103
133,30,4138,65,177
133,31,4187,78,65
173,32,26011,65,65
133,32,7559,165,193
133,33,9142,28,40
133,34,7368,44,129
173,33,33451,27,27
133,35,7241,68,76
133,36,5662,67,51
186,23,89996,145,139
173,34,33170,76,76
173,35,48906,105,103
186,24,88474,158,165
173,36,25628,97,177
178,25,27439,40,36
178,26,25560,120,85
178,27,7104,75,76
178,28,5451,40,40
178,29,8172,150,193
178,30,4599,55,103
178,31,8479,100,129
178,32,5999,36,51
178,33,7025,60,65
178,34,12325,30,27
184,25,21392,40,36
178,35,42122,160,114
178,36,9126,160,177
184,26,22920,85,85
184,27,35586,48,51
184,28,82097,179,177
184,29,69372,169,193
184,30,35294,65,65
184,31,21956,39,40
184,32,40212,79,76
183,25,9317,33,36
183,26,6020,88,85
183,27,5289,188,177
183,28,4331,111,114
183,29,6784,60,51
184,33,55385,105,114
183,30,5642,33,40
188,25,30683,35,36
183,31,4268,77,76
188,26,10123,40,85
183,32,6012,99,103
183,33,6016,89,65
183,34,4913,117,129
183,35,6107,220,193
184,34,56357,108,129
183,36,5678,25,27
188,27,49804,120,129
184,35,46500,105,103
184,36,15618,26,27
188,28,73447,140,177
188,29,75920,120,114
188,30,57244,100,103
188,31,59126,68,65
188,32,30090,51,51
188,33,53887,78,76
188,34,30556,40,40
188,35,141993,180,193
188,36,28681,27,27
189,1,10298,30,37
189,2,6206,57,73
189,3,4122,35,44
189,4,5749,73,62
189,5,6765,43,39
189,6,7840,29,29
189,7,8452,76,85
189,8,10128,97,98
189,9,21415,54,77
189,10,7546,75,80
189,11,4749,88,94
189,12,4418,120,226
224,1,44999,45,37
224,2,32445,81,73
224,3,69301,97,77
224,4,31829,130,226
190,25,21998,35,36
190,26,4791,70,85
190,27,16942,51,51
190,28,4725,90,129
190,29,5327,110,76
190,30,4532,110,114
190,31,4582,135,193
190,32,4551,135,103
190,33,4625,89,65
190,34,20127,40,40
190,35,5324,130,177
225,1,13199,38,37
190,36,15672,27,27
225,2,21941,72,73
225,3,17761,44,44
191,13,29054,38,41
191,14,5103,85,112
191,15,4509,75,109
191,16,4896,111,165
225,4,46274,101,94
191,17,4711,78,84
191,18,4905,67,69
225,5,15492,98,98
191,19,4717,117,166
191,20,5807,59,79
191,21,4395,129,128
225,6,14221,87,85
191,22,12396,50,60
225,7,14356,56,62
191,23,4473,125,139
191,24,4382,54,71
225,8,15386,220,226
225,9,22209,38,39
225,10,14324,79,80
192,13,11381,29,41
192,14,5399,120,112
225,11,25355,68,77
192,15,4826,140,166
192,16,5799,120,128
192,17,14638,88,109
192,18,4493,50,69
192,19,6884,65,84
192,20,4334,70,79
192,21,8395,45,60
192,22,6252,150,165
192,23,3526,90,139
192,24,4576,50,71
194,25,19391,36,36
194,26,25393,89,85
194,27,21289,65,65
196,13,36757,40,41
194,28,10889,26,27
193,25,9836,20,36
225,12,111373,29,29
196,14,26943,80,112
193,26,5614,50,85
193,27,5521,100,177
193,28,8324,25,27
194,29,51611,182,193
193,29,6860,20,40
193,30,5366,35,51
194,30,11955,40,40
193,31,4615,50,65
193,32,4437,100,193
193,33,4577,75,103
193,34,6046,50,76
193,35,4509,70,114
194,31,33865,104,114
193,36,4578,77,129
196,15,98077,140,166
194,32,31341,104,103
194,33,15242,51,51
196,16,33118,100,139
196,17,35795,180,165
196,18,39227,85,84
194,34,98568,142,129
196,19,30160,75,69
194,35,38513,182,177
194,36,25786,77,76
196,20,60131,120,128
196,21,33669,85,79
196,22,39948,60,60
196,23,28250,85,109
196,24,48434,70,71
